# Lecture du graphe construit par run.py — runs/20260928-174321
# plage 2026-09-28 12:42 -> 15:20, fenêtres de 60 s
# fenêtres gardées : 158

queue: food_delivery    run: runs/20260928-174321
window  start_utc                   backlog  backlog_slope   publish_rate   consume_rate rate_imbalance      consumers
29843322  12:42:00                      0.000              -          3.383          3.383          0.000          3.000
29843323  12:43:00                      0.000          0.000          3.517          3.550         -0.033          3.000
29843324  12:44:00                      4.000          2.000          3.483          3.400          0.083          3.000
29843325  12:45:00                     12.000          6.000          3.300          3.150          0.150          3.000
29843326  12:46:00                     27.000         11.500          3.433          3.150          0.283          3.000
29843327  12:47:00                     40.000         14.000          3.350          3.150          0.200          3.000
29843328  12:48:00                     55.000         14.000          3.383          3.133          0.250          3.000
29843329  12:49:00                     66.000         13.000          3.300          3.150          0.150          3.000
29843330  12:50:00                     71.000          8.000          3.250          3.150          0.100          3.000
29843331  12:51:00                     91.000         12.500          3.383          3.150          0.233          3.000
29843332  12:52:00                    108.000         18.500          3.533          3.117          0.417          3.000
29843333  12:53:00                    133.000         21.000          3.583          3.150          0.433          3.000
29843334  12:54:00                    149.000         20.500          3.383          3.150          0.233          3.000
29843335  12:55:00                    158.000         12.500          3.367          3.150          0.217          3.000
29843336  12:56:00                    170.000         10.500          3.350          3.150          0.200          3.000
29843337  12:57:00                    181.000         11.500          3.183          3.150          0.033          3.000
29843338  12:58:00                    195.000         12.500          3.417          3.133          0.283          3.000
29843339  12:59:00                    209.000         14.000          3.417          3.150          0.267          3.000
29843340  13:00:00                    225.000         15.000          3.433          3.133          0.300          3.000
29843341  13:01:00                    236.000         13.500          3.283          3.167          0.117          3.000
29843342  13:02:00                    251.000         13.000          3.417          3.150          0.267          3.000
29843343  13:03:00                    264.000         14.000          3.367          3.150          0.217          3.000
29843344  13:04:00                    277.000         13.000          3.550          3.400          0.150          3.000
29843345  13:05:00                    226.000        -19.000          3.350          4.233         -0.883          3.000
29843346  13:06:00                    174.000        -51.500          3.333          4.250         -0.917          3.000
29843347  13:07:00                    123.000        -51.500          3.450          4.233         -0.783          3.000
29843348  13:08:00                     87.000        -43.500          3.583          4.250         -0.667          3.000
29843349  13:09:00                     39.000        -42.000          3.400          4.250         -0.850          3.000
29843350  13:10:00                      0.000        -43.500          3.683          4.100         -0.417          3.000
29843351  13:11:00                      2.000        -18.500          3.417          3.483         -0.067          3.000
29843352  13:12:00                      0.000          0.000          3.417          3.400          0.017          3.000
29843353  13:13:00                      0.000         -1.000          3.567          3.583         -0.017          3.000
29843354  13:14:00                      3.000          1.500          3.517          3.517          0.000          3.000
29843355  13:15:00                      0.000          0.000          3.533          3.483          0.050          3.000
29843356  13:16:00                      0.000         -1.500          3.717          3.733         -0.017          3.000
29843357  13:17:00                      0.000          0.000          3.600          3.583          0.017          3.000
29843358  13:18:00                      1.000          0.500          3.533          3.567         -0.033          3.000
29843359  13:19:00                      3.000          1.500          3.317          3.300          0.017          3.000
29843360  13:20:00                      2.000          0.500          3.583          3.617         -0.033          3.000
29843361  13:21:00                      2.000         -0.500          3.733          3.733          0.000          3.000
29843362  13:22:00                      1.000         -0.500          3.333          3.300          0.033          3.000
29843363  13:23:00                      1.000         -0.500          3.633          3.633          0.000          3.000
29843364  13:24:00                      5.000          2.000          3.583          3.583          0.000          3.000
29843365  13:25:00                      2.000          0.500          3.600          3.617         -0.017          3.000
29843366  13:26:00                      1.000         -2.000          3.383          3.383          0.000          3.000
29843367  13:27:00                      0.000         -1.000          3.500          3.500          0.000          3.000
29843368  13:28:00                      1.000          0.000          3.383          3.400         -0.017          3.000
29843369  13:29:00                      2.000          1.000          3.417          3.350          0.067          3.000
29843370  13:30:00                     26.000         12.500          3.417          3.167          0.250          3.000
29843371  13:31:00                     26.000         12.000          3.283          3.150          0.133          3.000
29843372  13:32:00                     25.000         -0.500          3.150          3.150          0.000          3.000
29843373  13:33:00                     39.000          6.500          3.300          3.150          0.150          3.000
29843374  13:34:00                     63.000         19.000          3.517          3.150          0.367          3.000
29843375  13:35:00                     71.000         16.000          3.550          3.150          0.400          3.000
29843376  13:36:00                     95.000         16.000          3.333          3.150          0.183          3.000
29843377  13:37:00                    102.000         15.500          3.367          3.150          0.217          3.000
29843378  13:38:00                    116.000         10.500          3.333          3.150          0.183          3.000
29843379  13:39:00                    139.000         18.500          3.567          3.167          0.400          3.000
29843380  13:40:00                    165.000         24.500          3.667          3.133          0.533          3.000
29843381  13:41:00                    184.000         22.500          3.250          3.150          0.100          3.000
29843382  13:42:00                    192.000         13.500          3.333          3.133          0.200          3.000
29843383  13:43:00                    182.000         -1.000          3.100          3.167         -0.067          3.000
29843384  13:44:00                    183.000         -4.500          3.167          3.150          0.017          3.000
29843385  13:45:00                    209.000         13.500          3.517          3.150          0.367          3.000
29843386  13:46:00                    222.000         19.500          3.383          3.167          0.217          3.000
29843387  13:47:00                    224.000          7.500          3.183          3.117          0.067          3.000
29843388  13:48:00                    236.000          7.000          3.317          3.133          0.183          3.000
29843389  13:49:00                    237.000          6.500          3.383          3.483         -0.100          3.000
29843390  13:50:00                    198.000        -19.000          3.583          4.250         -0.667          3.000
29843391  13:51:00                    150.000        -43.500          3.450          4.233         -0.783          3.000
29843392  13:52:00                     93.000        -52.500          3.317          4.217         -0.900          3.000
29843393  13:53:00                     60.000        -45.000          3.600          4.250         -0.650          3.000
29843394  13:54:00                     14.000        -39.500          3.517          4.250         -0.733          3.000
29843395  13:55:00                      3.000        -28.500          3.500          3.633         -0.133          3.000
29843396  13:56:00                      1.000         -6.500          3.550          3.533          0.017          3.000
29843397  13:57:00                      0.000         -1.500          3.433          3.450         -0.017          3.000
29843398  13:58:00                      0.000         -0.500          3.550          3.550          0.000          3.000
29843399  13:59:00                      2.000          1.000          3.517          3.517          0.000          3.000
29843400  14:00:00                      1.000          0.500          3.717          3.700          0.017          3.000
29843401  14:01:00                      0.000         -1.000          3.367          3.383         -0.017          3.000
29843402  14:02:00                      0.000         -0.500          3.517          3.517          0.000          3.000
29843403  14:03:00                      0.000          0.000          3.317          3.317          0.000          3.000
29843404  14:04:00                      2.000          1.000          3.667          3.667          0.000          3.000
29843405  14:05:00                      0.000          0.000          3.400          3.400          0.000          3.000
29843406  14:06:00                      0.000         -1.000          3.350          3.350          0.000          3.000
29843407  14:07:00                      0.000          0.000          3.450          3.450          0.000          3.000
29843408  14:08:00                      0.000          0.000          3.367          3.350          0.017          3.000
29843409  14:09:00                      2.000          1.000          3.500          3.517         -0.017          3.000
29843410  14:10:00                      0.000          0.000          3.383          3.383          0.000          3.000
29843411  14:11:00                      0.000         -1.000          3.250          3.250          0.000          3.000
29843412  14:12:00                      1.000          0.500          3.400          3.383          0.017          3.000
29843413  14:13:00                      0.000          0.000          3.450          3.467         -0.017          3.000
29843414  14:14:00                      3.000          1.000          3.483          3.317          0.167          3.000
29843415  14:15:00                     15.000          7.500          3.300          3.150          0.150          3.000
29843416  14:16:00                     20.000          8.500          3.100          3.133         -0.033          3.000
29843417  14:17:00                     24.000          4.500          3.350          3.117          0.233          3.000
29843418  14:18:00                     24.000          2.000          3.150          3.167         -0.017          3.000
29843419  14:19:00                     23.000         -0.500          2.983          3.133         -0.150          3.000
29843420  14:20:00                     32.000          4.000          3.433          3.133          0.300          3.000
29843421  14:21:00                     59.000         18.000          3.500          3.133          0.367          3.000
29843422  14:22:00                     67.000         17.500          3.267          3.150          0.117          3.000
29843423  14:23:00                     86.000         13.500          3.483          3.150          0.333          3.000
29843424  14:24:00                     94.000         13.500          3.150          3.150          0.000          3.000
29843425  14:25:00                     88.000          1.000          3.233          3.150          0.083          3.000
29843426  14:26:00                    100.000          3.000          3.200          3.133          0.067          3.000
29843427  14:27:00                    104.000          8.000          3.317          3.150          0.167          3.000
29843428  14:28:00                    121.000         10.500          3.450          3.133          0.317          3.000
29843429  14:29:00                    132.000         14.000          3.300          3.167          0.133          3.000
29843430  14:30:00                    143.000         11.000          3.233          3.150          0.083          3.000
29843431  14:31:00                    147.000          7.500          3.250          3.150          0.100          3.000
29843432  14:32:00                    154.000          5.500          3.350          3.133          0.217          3.000
29843433  14:33:00                    163.000          8.000          3.383          3.150          0.233          3.000
29843434  14:34:00                    164.000          5.000          3.267          3.483         -0.217          3.000
29843435  14:35:00                    108.000        -27.500          3.333          4.250         -0.917          3.000
29843436  14:36:00                     73.000        -45.500          3.583          4.233         -0.650          3.000
29843437  14:37:00                     19.000        -44.500          3.450          4.250         -0.800          3.000
29843438  14:38:00                      0.000        -36.500          3.583          3.867         -0.283          3.000
29843439  14:39:00                      1.000         -9.000          3.583          3.567          0.017          3.000
29843440  14:40:00                      3.000          1.500          3.750          3.733          0.017          3.000
29843441  14:41:00                      0.000         -0.500          3.550          3.567         -0.017          3.000
29843442  14:42:00                      1.000         -1.000          3.567          3.583         -0.017          3.000
29843443  14:43:00                      0.000          0.000          3.600          3.583          0.017          3.000
29843444  14:44:00                      0.000         -0.500          3.433          3.450         -0.017          3.000
29843445  14:45:00                      1.000          0.500          3.550          3.550          0.000          3.000
29843446  14:46:00                      1.000          0.500          3.583          3.567          0.017          3.000
29843447  14:47:00                      0.000         -0.500          3.533          3.550         -0.017          3.000
29843448  14:48:00                      0.000         -0.500          3.450          3.450          0.000          3.000
29843449  14:49:00                      2.000          1.000          3.483          3.483          0.000          3.000
29843450  14:50:00                      2.000          1.000          3.333          3.317          0.017          3.000
29843451  14:51:00                      2.000          0.000          3.533          3.550         -0.017          3.000
29843452  14:52:00                      1.000         -0.500          3.483          3.483          0.000          3.000
29843453  14:53:00                      1.000         -0.500          3.367          3.367          0.000          3.000
29843454  14:54:00                      0.000         -0.500          3.383          3.383          0.000          3.000
29843455  14:55:00                      0.000         -0.500          3.500          3.500          0.000          3.000
29843456  14:56:00                      0.000          0.000          3.567          3.550          0.017          3.000
29843457  14:57:00                      1.000          0.500          3.450          3.467         -0.017          3.000
29843458  14:58:00                      0.000          0.000          3.517          3.517          0.000          3.000
29843459  14:59:00                      0.000         -0.500          3.450          3.333          0.117          3.000
29843460  15:00:00                      6.000          3.000          3.033          3.000          0.033          3.000
29843461  15:01:00                     31.000         15.500          3.517          3.133          0.383          3.000
29843462  15:02:00                     40.000         17.000          3.267          3.150          0.117          3.000
29843463  15:03:00                     35.000          2.000          3.150          3.150          0.000          3.000
29843464  15:04:00                     27.000         -6.500          2.900          3.150         -0.250          3.000
29843465  15:05:00                     45.000          5.000          3.550          3.150          0.400          3.000
29843466  15:06:00                     57.000         15.000          3.383          3.133          0.250          3.000
29843467  15:07:00                     74.000         14.500          3.333          3.167          0.167          3.000
29843468  15:08:00                     79.000         11.000          3.200          3.150          0.050          3.000
29843469  15:09:00                     88.000          7.000          3.350          3.150          0.200          3.000
29843470  15:10:00                     93.000          7.000          3.300          3.133          0.167          3.000
29843471  15:11:00                    119.000         15.500          3.467          3.150          0.317          3.000
29843472  15:12:00                    123.000         15.000          3.217          3.150          0.067          3.000
29843473  15:13:00                    121.000          1.000          3.233          3.167          0.067          3.000
29843474  15:14:00                    130.000          3.500          3.250          3.150          0.100          3.000
29843475  15:15:00                    129.000          4.000          3.100          3.150         -0.050          3.000
29843476  15:16:00                    136.000          3.000          3.383          3.117          0.267          3.000
29843477  15:17:00                    155.000         13.000          3.300          3.150          0.150          3.000
29843478  15:18:00                    163.000         13.500          3.200          3.150          0.050          3.000
29843479  15:19:00                    144.000         -5.500          2.833          3.450         -0.617          3.000

instances containing 'delivery'    run: runs/20260928-174321
window  start_utc            instance                                  process_time_p50  process_time_p95       error_ratio          cpu_rate       memory_used
29843322  12:42:00             ts-delivery-service-79c46f4f45-bmgvs               706.115           846.306                 -             0.002         443203584
29843322  12:42:00             ts-delivery-service-79c46f4f45-r5pwb               706.033           846.102                 -             0.003         440246272
29843322  12:42:00             ts-delivery-service-79c46f4f45-tvmfl               706.059           846.575                 -             0.004         446906368
29843322  12:42:00             ts-food-delivery-service-7cdc54dd4d-4jwk                 -                 -                 -             0.001         417955840
29843323  12:43:00             ts-delivery-service-79c46f4f45-bmgvs               706.245           846.252                 -             0.003         443199488
29843323  12:43:00             ts-delivery-service-79c46f4f45-r5pwb               706.037           707.513                 -             0.003         440283136
29843323  12:43:00             ts-delivery-service-79c46f4f45-tvmfl               706.206           708.090                 -             0.003         446906368
29843323  12:43:00             ts-food-delivery-service-7cdc54dd4d-4jwk                 -                 -                 -             0.001         417988608
29843324  12:44:00             ts-delivery-service-79c46f4f45-bmgvs               706.123           707.249                 -             0.004         443211776
29843324  12:44:00             ts-delivery-service-79c46f4f45-r5pwb               706.338           846.127                 -             0.004         440549376
29843324  12:44:00             ts-delivery-service-79c46f4f45-tvmfl               706.060              2706                 -             0.002         446906368
29843324  12:44:00             ts-food-delivery-service-7cdc54dd4d-4jwk                 -                 -                 -             0.001         417955840
29843325  12:45:00             ts-delivery-service-79c46f4f45-bmgvs               706.168           707.421                 -             0.002         443211776
29843325  12:45:00             ts-delivery-service-79c46f4f45-r5pwb               706.472           707.304                 -             0.003         440938496
29843325  12:45:00             ts-delivery-service-79c46f4f45-tvmfl                  2706              2707                 -             0.001         446906368
29843325  12:45:00             ts-food-delivery-service-7cdc54dd4d-4jwk                 -                 -                 -             0.001         417947648
29843326  12:46:00             ts-delivery-service-79c46f4f45-bmgvs               706.028           706.851                 -             0.003         443211776
29843326  12:46:00             ts-delivery-service-79c46f4f45-r5pwb               706.869           708.044                 -             0.004         440471552
29843326  12:46:00             ts-delivery-service-79c46f4f45-tvmfl                  2706              2714                 -             0.003         446906368
29843326  12:46:00             ts-food-delivery-service-7cdc54dd4d-4jwk                 -                 -                 -             0.001         417923072
29843327  12:47:00             ts-delivery-service-79c46f4f45-bmgvs               706.125           707.255                 -             0.004         443232256
29843327  12:47:00             ts-delivery-service-79c46f4f45-r5pwb               706.494           707.676                 -             0.003         440541184
29843327  12:47:00             ts-delivery-service-79c46f4f45-tvmfl                  2706              2712                 -             0.002         446992384
29843327  12:47:00             ts-food-delivery-service-7cdc54dd4d-4jwk                 -                 -                 -             0.001         417955840
29843328  12:48:00             ts-delivery-service-79c46f4f45-bmgvs               706.013           706.898                 -             0.003         443232256
29843328  12:48:00             ts-delivery-service-79c46f4f45-r5pwb               705.966           707.219                 -             0.003         440545280
29843328  12:48:00             ts-delivery-service-79c46f4f45-tvmfl                  2706              2707                 -             0.002         446873600
29843328  12:48:00             ts-food-delivery-service-7cdc54dd4d-4jwk                 -                 -                 -             0.001         417923072
29843329  12:49:00             ts-delivery-service-79c46f4f45-bmgvs               706.152           707.139                 -             0.003         443330560
29843329  12:49:00             ts-delivery-service-79c46f4f45-r5pwb               706.195           707.659                 -             0.003         440549376
29843329  12:49:00             ts-delivery-service-79c46f4f45-tvmfl                  2706              2707                 -             0.002         446914560
29843329  12:49:00             ts-food-delivery-service-7cdc54dd4d-4jwk                 -                 -                 -             0.001         418021376
29843330  12:50:00             ts-delivery-service-79c46f4f45-bmgvs               706.073           707.306                 -             0.003         443297792
29843330  12:50:00             ts-delivery-service-79c46f4f45-r5pwb               706.043           707.003                 -             0.003         440811520
29843330  12:50:00             ts-delivery-service-79c46f4f45-tvmfl                  2706              2707                 -             0.002         446914560
29843330  12:50:00             ts-food-delivery-service-7cdc54dd4d-4jwk                 -                 -                 -             0.001         417955840
29843331  12:51:00             ts-delivery-service-79c46f4f45-bmgvs               706.070           707.705                 -             0.004         443310080
29843331  12:51:00             ts-delivery-service-79c46f4f45-r5pwb               706.056           707.047                 -             0.002         440561664
29843331  12:51:00             ts-delivery-service-79c46f4f45-tvmfl                  2706              2707                 -             0.002         446947328
29843331  12:51:00             ts-food-delivery-service-7cdc54dd4d-4jwk                 -                 -                 -             0.001         417923072
29843332  12:52:00             ts-delivery-service-79c46f4f45-bmgvs               706.250           706.863                 -             0.003         443310080
29843332  12:52:00             ts-delivery-service-79c46f4f45-r5pwb               706.076           707.099                 -             0.003         440569856
29843332  12:52:00             ts-delivery-service-79c46f4f45-tvmfl                  2706              7977                 -             0.002         447008768
29843332  12:52:00             ts-food-delivery-service-7cdc54dd4d-4jwk                 -                 -                 -             0.001         417955840
29843333  12:53:00             ts-delivery-service-79c46f4f45-bmgvs               706.022           706.899                 -             0.002         443310080
29843333  12:53:00             ts-delivery-service-79c46f4f45-r5pwb               706.563           707.452                 -             0.003         440569856
29843333  12:53:00             ts-delivery-service-79c46f4f45-tvmfl                  2706              2707                 -             0.002         446914560
29843333  12:53:00             ts-food-delivery-service-7cdc54dd4d-4jwk                 -                 -                 -             0.001         418004992
29843334  12:54:00             ts-delivery-service-79c46f4f45-bmgvs               706.008           706.739                 -             0.003         443318272
29843334  12:54:00             ts-delivery-service-79c46f4f45-r5pwb               706.570           707.853                 -             0.003         440573952
29843334  12:54:00             ts-delivery-service-79c46f4f45-tvmfl                  2706              2706                 -             0.002         446914560
29843334  12:54:00             ts-food-delivery-service-7cdc54dd4d-4jwk                 -                 -                 -             0.001         417955840
29843335  12:55:00             ts-delivery-service-79c46f4f45-bmgvs               705.952           707.208                 -             0.002         443285504
29843335  12:55:00             ts-delivery-service-79c46f4f45-r5pwb               706.536           707.810                 -             0.004         440573952
29843335  12:55:00             ts-delivery-service-79c46f4f45-tvmfl                  2706              2707                 -             0.001         446885888
29843335  12:55:00             ts-food-delivery-service-7cdc54dd4d-4jwk                 -                 -                 -             0.001         417955840
29843336  12:56:00             ts-delivery-service-79c46f4f45-bmgvs               706.025           707.116                 -             0.003         443551744
29843336  12:56:00             ts-delivery-service-79c46f4f45-r5pwb               705.997           707.077                 -             0.003         440582144
29843336  12:56:00             ts-delivery-service-79c46f4f45-tvmfl                  2706              2707                 -             0.002         446947328
29843336  12:56:00             ts-food-delivery-service-7cdc54dd4d-4jwk                 -                 -                 -             0.001         417955840
29843337  12:57:00             ts-delivery-service-79c46f4f45-bmgvs               706.074           707.611                 -             0.003         443330560
29843337  12:57:00             ts-delivery-service-79c46f4f45-r5pwb               705.935           707.147                 -             0.004         440586240
29843337  12:57:00             ts-delivery-service-79c46f4f45-tvmfl                  2706              2707                 -             0.002         446881792
29843337  12:57:00             ts-food-delivery-service-7cdc54dd4d-4jwk                 -                 -                 -             0.001         417988608
29843338  12:58:00             ts-delivery-service-79c46f4f45-bmgvs               705.874           707.105                 -             0.002         443334656
29843338  12:58:00             ts-delivery-service-79c46f4f45-r5pwb               705.823           707.222                 -             0.003         440586240
29843338  12:58:00             ts-delivery-service-79c46f4f45-tvmfl                  2706              2706                 -             0.002         446914560
29843338  12:58:00             ts-food-delivery-service-7cdc54dd4d-4jwk                 -                 -                 -             0.001         417923072
29843339  12:59:00             ts-delivery-service-79c46f4f45-bmgvs               705.793           706.695                 -             0.003         443334656
29843339  12:59:00             ts-delivery-service-79c46f4f45-r5pwb               705.948           706.640                 -             0.003         440602624
29843339  12:59:00             ts-delivery-service-79c46f4f45-tvmfl                  2706              2707                 -             0.001         446918656
29843339  12:59:00             ts-food-delivery-service-7cdc54dd4d-4jwk                 -                 -                 -             0.001         417988608
29843340  13:00:00             ts-delivery-service-79c46f4f45-bmgvs               705.764           706.860                 -             0.003         443342848
29843340  13:00:00             ts-delivery-service-79c46f4f45-r5pwb               705.786           706.778                 -             0.003         440885248
29843340  13:00:00             ts-delivery-service-79c46f4f45-tvmfl                  2705              2708                 -             0.002         446898176
29843340  13:00:00             ts-food-delivery-service-7cdc54dd4d-4jwk                 -                 -                 -             0.001         417927168
29843341  13:01:00             ts-delivery-service-79c46f4f45-bmgvs               706.085           707.071                 -             0.002         443305984
29843341  13:01:00             ts-delivery-service-79c46f4f45-r5pwb               706.141           707.194                 -             0.003         440627200
29843341  13:01:00             ts-delivery-service-79c46f4f45-tvmfl                  2706              2706                 -             0.002         446914560
29843341  13:01:00             ts-food-delivery-service-7cdc54dd4d-4jwk                 -                 -                 -             0.001         417923072
29843342  13:02:00             ts-delivery-service-79c46f4f45-bmgvs               705.931           707.225                 -             0.004         443338752
29843342  13:02:00             ts-delivery-service-79c46f4f45-r5pwb               705.869           707.237                 -             0.003         440635392
29843342  13:02:00             ts-delivery-service-79c46f4f45-tvmfl                  2706              2708                 -             0.001         446926848
29843342  13:02:00             ts-food-delivery-service-7cdc54dd4d-4jwk                 -                 -                 -             0.001         417923072
29843343  13:03:00             ts-delivery-service-79c46f4f45-bmgvs               705.796           706.859                 -             0.002         443305984
29843343  13:03:00             ts-delivery-service-79c46f4f45-r5pwb               705.619           707.041                 -             0.003         440635392
29843343  13:03:00             ts-delivery-service-79c46f4f45-tvmfl                  2705              2707                 -             0.002         446959616
29843343  13:03:00             ts-food-delivery-service-7cdc54dd4d-4jwk                 -                 -                 -             0.001         417955840
29843344  13:04:00             ts-delivery-service-79c46f4f45-bmgvs               705.789           706.905                 -             0.003         443346944
29843344  13:04:00             ts-delivery-service-79c46f4f45-r5pwb               705.905           706.697                 -             0.003         440643584
29843344  13:04:00             ts-delivery-service-79c46f4f45-tvmfl               706.487              2706                 -             0.001         446959616
29843344  13:04:00             ts-food-delivery-service-7cdc54dd4d-4jwk                 -                 -                 -             0.001         417923072
29843345  13:05:00             ts-delivery-service-79c46f4f45-bmgvs               705.707           706.710                 -             0.003         443346944
29843345  13:05:00             ts-delivery-service-79c46f4f45-r5pwb               705.707           706.956                 -             0.003         440655872
29843345  13:05:00             ts-delivery-service-79c46f4f45-tvmfl               705.753           706.657                 -             0.003         446926848
29843345  13:05:00             ts-food-delivery-service-7cdc54dd4d-4jwk                 -                 -                 -             0.001         417988608
29843346  13:06:00             ts-delivery-service-79c46f4f45-bmgvs               706.177           707.559                 -             0.003         443346944
29843346  13:06:00             ts-delivery-service-79c46f4f45-r5pwb               706.525           707.878                 -             0.004         440655872
29843346  13:06:00             ts-delivery-service-79c46f4f45-tvmfl               705.821           706.687                 -             0.003         446926848
29843346  13:06:00             ts-food-delivery-service-7cdc54dd4d-4jwk                 -                 -                 -             0.001         417955840
29843347  13:07:00             ts-delivery-service-79c46f4f45-bmgvs               706.090           707.347                 -             0.003         443359232
29843347  13:07:00             ts-delivery-service-79c46f4f45-r5pwb               706.203           707.196                 -             0.003         440664064
29843347  13:07:00             ts-delivery-service-79c46f4f45-tvmfl               705.878           707.667                 -             0.003         446951424
29843347  13:07:00             ts-food-delivery-service-7cdc54dd4d-4jwk                 -                 -                 -             0.001         417923072
29843348  13:08:00             ts-delivery-service-79c46f4f45-bmgvs               706.212           707.419                 -             0.003         443355136
29843348  13:08:00             ts-delivery-service-79c46f4f45-r5pwb               706.198           707.435                 -             0.004         440672256
29843348  13:08:00             ts-delivery-service-79c46f4f45-tvmfl               705.993           707.364                 -             0.003         446967808
29843348  13:08:00             ts-food-delivery-service-7cdc54dd4d-4jwk                 -                 -                 -             0.001         417923072
29843349  13:09:00             ts-delivery-service-79c46f4f45-bmgvs               706.057           707.062                 -             0.003         443355136
29843349  13:09:00             ts-delivery-service-79c46f4f45-r5pwb               706.005           706.929                 -             0.002         440672256
29843349  13:09:00             ts-delivery-service-79c46f4f45-tvmfl               705.757           706.901                 -             0.002         446935040
29843349  13:09:00             ts-food-delivery-service-7cdc54dd4d-4jwk                 -                 -                 -             0.001         417923072
29843350  13:10:00             ts-delivery-service-79c46f4f45-bmgvs               706.115           707.371                 -             0.003         442839040
29843350  13:10:00             ts-delivery-service-79c46f4f45-r5pwb               706.181           707.832                 -             0.004         440676352
29843350  13:10:00             ts-delivery-service-79c46f4f45-tvmfl               706.042           708.679                 -             0.003         446967808
29843350  13:10:00             ts-food-delivery-service-7cdc54dd4d-4jwk                 -                 -                 -             0.001         417955840
29843351  13:11:00             ts-delivery-service-79c46f4f45-bmgvs               706.095           708.328                 -             0.003         442843136
29843351  13:11:00             ts-delivery-service-79c46f4f45-r5pwb               706.544           847.123                 -             0.003         440676352
29843351  13:11:00             ts-delivery-service-79c46f4f45-tvmfl               705.859           846.417                 -             0.003         446996480
29843351  13:11:00             ts-food-delivery-service-7cdc54dd4d-4jwk                 -                 -                 -             0.001         417923072
29843352  13:12:00             ts-delivery-service-79c46f4f45-bmgvs               706.292           846.412                 -             0.002         442843136
29843352  13:12:00             ts-delivery-service-79c46f4f45-r5pwb               706.937           847.181                 -             0.003         440680448
29843352  13:12:00             ts-delivery-service-79c46f4f45-tvmfl               706.067           846.665                 -             0.002         446996480
29843352  13:12:00             ts-food-delivery-service-7cdc54dd4d-4jwk                 -                 -                 -             0.001         417923072
29843353  13:13:00             ts-delivery-service-79c46f4f45-bmgvs               706.331           847.486                 -             0.003         442843136
29843353  13:13:00             ts-delivery-service-79c46f4f45-r5pwb               706.751           846.498                 -             0.004         440676352
29843353  13:13:00             ts-delivery-service-79c46f4f45-tvmfl               706.232           846.983                 -             0.002         446996480
29843353  13:13:00             ts-food-delivery-service-7cdc54dd4d-4jwk                 -                 -                 -             0.001         417927168
29843354  13:14:00             ts-delivery-service-79c46f4f45-bmgvs               706.055           846.893                 -             0.002         443101184
29843354  13:14:00             ts-delivery-service-79c46f4f45-r5pwb               706.745           846.907                 -             0.004         440455168
29843354  13:14:00             ts-delivery-service-79c46f4f45-tvmfl               705.837           846.294                 -             0.003         447000576
29843354  13:14:00             ts-food-delivery-service-7cdc54dd4d-4jwk                 -                 -                 -             0.001         417923072
29843355  13:15:00             ts-delivery-service-79c46f4f45-bmgvs               706.023           847.059                 -             0.003         442855424
29843355  13:15:00             ts-delivery-service-79c46f4f45-r5pwb               706.088           846.591                 -             0.002         440455168
29843355  13:15:00             ts-delivery-service-79c46f4f45-tvmfl               705.933           708.077                 -             0.004         447000576
29843355  13:15:00             ts-food-delivery-service-7cdc54dd4d-4jwk                 -                 -                 -             0.001         417923072
29843356  13:16:00             ts-delivery-service-79c46f4f45-bmgvs               706.270           846.353                 -             0.003         442855424
29843356  13:16:00             ts-delivery-service-79c46f4f45-r5pwb               706.073           846.444                 -             0.003         439951360
29843356  13:16:00             ts-delivery-service-79c46f4f45-tvmfl               705.889           846.456                 -             0.002         447057920
29843356  13:16:00             ts-food-delivery-service-7cdc54dd4d-4jwk                 -                 -                 -             0.001         417988608
29843357  13:17:00             ts-delivery-service-79c46f4f45-bmgvs               705.961           707.817                 -             0.003         442855424
29843357  13:17:00             ts-delivery-service-79c46f4f45-r5pwb               705.832           846.748                 -             0.003         439947264
29843357  13:17:00             ts-delivery-service-79c46f4f45-tvmfl               705.890           846.162                 -             0.002         447070208
29843357  13:17:00             ts-food-delivery-service-7cdc54dd4d-4jwk                 -                 -                 -             0.001         417988608
29843358  13:18:00             ts-delivery-service-79c46f4f45-bmgvs               706.178           846.626                 -             0.003         442920960
29843358  13:18:00             ts-delivery-service-79c46f4f45-r5pwb               705.965           846.823                 -             0.002         440156160
29843358  13:18:00             ts-delivery-service-79c46f4f45-tvmfl               706.074           845.878                 -             0.003         447578112
29843358  13:18:00             ts-food-delivery-service-7cdc54dd4d-4jwk                 -                 -                 -             0.001         417988608
29843359  13:19:00             ts-delivery-service-79c46f4f45-bmgvs               706.179           846.504                 -             0.002         443392000
29843359  13:19:00             ts-delivery-service-79c46f4f45-r5pwb               706.057           846.591                 -             0.003         440147968
29843359  13:19:00             ts-delivery-service-79c46f4f45-tvmfl               706.525           846.755                 -             0.003         447074304
29843359  13:19:00             ts-food-delivery-service-7cdc54dd4d-4jwk                 -                 -                 -             0.001         417992704
29843360  13:20:00             ts-delivery-service-79c46f4f45-bmgvs               706.225           707.446                 -             0.003         442863616
29843360  13:20:00             ts-delivery-service-79c46f4f45-r5pwb               706.359           845.782                 -             0.002         440160256
29843360  13:20:00             ts-delivery-service-79c46f4f45-tvmfl               706.625           846.719                 -             0.004         447074304
29843360  13:20:00             ts-food-delivery-service-7cdc54dd4d-4jwk                 -                 -                 -             0.001         417923072
29843361  13:21:00             ts-delivery-service-79c46f4f45-bmgvs               706.167           845.545                 -             0.003         442863616
29843361  13:21:00             ts-delivery-service-79c46f4f45-r5pwb               706.272           708.742                 -             0.003         440160256
29843361  13:21:00             ts-delivery-service-79c46f4f45-tvmfl               706.861           713.723                 -             0.005         447074304
29843361  13:21:00             ts-food-delivery-service-7cdc54dd4d-4jwk                 -                 -                 -             0.001         417923072
29843362  13:22:00             ts-delivery-service-79c46f4f45-bmgvs               706.241           847.323                 -             0.003         443125760
29843362  13:22:00             ts-delivery-service-79c46f4f45-r5pwb               705.924           847.341                 -             0.003         440160256
29843362  13:22:00             ts-delivery-service-79c46f4f45-tvmfl               706.673           847.076                 -             0.003         447074304
29843362  13:22:00             ts-food-delivery-service-7cdc54dd4d-4jwk                 -                 -                 -             0.001         417955840
29843363  13:23:00             ts-delivery-service-79c46f4f45-bmgvs               706.090           707.662                 -             0.003         442871808
29843363  13:23:00             ts-delivery-service-79c46f4f45-r5pwb               706.228           846.862                 -             0.003         440168448
29843363  13:23:00             ts-delivery-service-79c46f4f45-tvmfl               706.748           847.651                 -             0.004         447078400
29843363  13:23:00             ts-food-delivery-service-7cdc54dd4d-4jwk                 -                 -                 -             0.001         417988608
29843364  13:24:00             ts-delivery-service-79c46f4f45-bmgvs               706.108           846.659                 -             0.002         442871808
29843364  13:24:00             ts-delivery-service-79c46f4f45-r5pwb               706.029           846.284                 -             0.002         440168448
29843364  13:24:00             ts-delivery-service-79c46f4f45-tvmfl               706.617           847.165                 -             0.003         447078400
29843364  13:24:00             ts-food-delivery-service-7cdc54dd4d-4jwk                 -                 -                 -             0.001         417955840
29843365  13:25:00             ts-delivery-service-79c46f4f45-bmgvs               706.036           846.509                 -             0.003         442871808
29843365  13:25:00             ts-delivery-service-79c46f4f45-r5pwb               706.083           846.659                 -             0.003         440606720
29843365  13:25:00             ts-delivery-service-79c46f4f45-tvmfl               706.714           847.295                 -             0.003         447078400
29843365  13:25:00             ts-food-delivery-service-7cdc54dd4d-4jwk                 -                 -                 -             0.001         417955840
29843366  13:26:00             ts-delivery-service-79c46f4f45-bmgvs               706.385           846.866                 -             0.003         442880000
29843366  13:26:00             ts-delivery-service-79c46f4f45-r5pwb               706.165           846.374                 -             0.003         440606720
29843366  13:26:00             ts-delivery-service-79c46f4f45-tvmfl               706.307           847.134                 -             0.004         447078400
29843366  13:26:00             ts-food-delivery-service-7cdc54dd4d-4jwk                 -                 -                 -             0.001         417972224
29843367  13:27:00             ts-delivery-service-79c46f4f45-bmgvs               706.008           846.254                 -             0.003         442880000
29843367  13:27:00             ts-delivery-service-79c46f4f45-r5pwb               706.073           846.259                 -             0.004         440684544
29843367  13:27:00             ts-delivery-service-79c46f4f45-tvmfl               706.512           847.114                 -             0.003         447086592
29843367  13:27:00             ts-food-delivery-service-7cdc54dd4d-4jwk                 -                 -                 -             0.001         418004992
29843368  13:28:00             ts-delivery-service-79c46f4f45-bmgvs               706.082           846.262                 -             0.003         443404288
29843368  13:28:00             ts-delivery-service-79c46f4f45-r5pwb               706.075           846.447                 -             0.002         440643584
29843368  13:28:00             ts-delivery-service-79c46f4f45-tvmfl               706.760           847.711                 -             0.003         447082496
29843368  13:28:00             ts-food-delivery-service-7cdc54dd4d-4jwk                 -                 -                 -             0.001         417939456
29843369  13:29:00             ts-delivery-service-79c46f4f45-bmgvs               706.033           846.643                 -             0.002         442880000
29843369  13:29:00             ts-delivery-service-79c46f4f45-r5pwb               706.328           846.993                 -             0.003         440655872
29843369  13:29:00             ts-delivery-service-79c46f4f45-tvmfl               706.724              2390                 -             0.003         447049728
29843369  13:29:00             ts-food-delivery-service-7cdc54dd4d-4jwk                 -                 -                 -             0.001         417939456
29843370  13:30:00             ts-delivery-service-79c46f4f45-bmgvs               705.786           706.694                 -             0.003         442724352
29843370  13:30:00             ts-delivery-service-79c46f4f45-r5pwb               706.031           707.032                 -             0.002         440655872
29843370  13:30:00             ts-delivery-service-79c46f4f45-tvmfl                  2706              2707                 -             0.002         447086592
29843370  13:30:00             ts-food-delivery-service-7cdc54dd4d-4jwk                 -                 -                 -             0.001         418004992
29843371  13:31:00             ts-delivery-service-79c46f4f45-bmgvs               705.953           707.032                 -             0.003         442982400
29843371  13:31:00             ts-delivery-service-79c46f4f45-r5pwb               705.850           706.914                 -             0.004         440664064
29843371  13:31:00             ts-delivery-service-79c46f4f45-tvmfl                  2706              2707                 -             0.002         447053824
29843371  13:31:00             ts-food-delivery-service-7cdc54dd4d-4jwk                 -                 -                 -             0.001         417939456
29843372  13:32:00             ts-delivery-service-79c46f4f45-bmgvs               706.092           706.926                 -             0.003         442724352
29843372  13:32:00             ts-delivery-service-79c46f4f45-r5pwb               705.982           706.940                 -             0.003         440676352
29843372  13:32:00             ts-delivery-service-79c46f4f45-tvmfl                  2707              2708                 -             0.002         447090688
29843372  13:32:00             ts-food-delivery-service-7cdc54dd4d-4jwk                 -                 -                 -             0.001         417972224
29843373  13:33:00             ts-delivery-service-79c46f4f45-bmgvs               706.058           706.935                 -             0.004         442785792
29843373  13:33:00             ts-delivery-service-79c46f4f45-r5pwb               705.893           707.053                 -             0.003         440676352
29843373  13:33:00             ts-delivery-service-79c46f4f45-tvmfl                  2706              2708                 -             0.002         447086592
29843373  13:33:00             ts-food-delivery-service-7cdc54dd4d-4jwk                 -                 -                 -             0.001         418086912
29843374  13:34:00             ts-delivery-service-79c46f4f45-bmgvs               706.203           707.401                 -             0.003         442785792
29843374  13:34:00             ts-delivery-service-79c46f4f45-r5pwb               705.777           706.969                 -             0.003         440688640
29843374  13:34:00             ts-delivery-service-79c46f4f45-tvmfl                  2706              2707                 -             0.002         447062016
29843374  13:34:00             ts-food-delivery-service-7cdc54dd4d-4jwk                 -                 -                 -             0.001         418004992
29843375  13:35:00             ts-delivery-service-79c46f4f45-bmgvs               706.081           707.365                 -             0.003         442785792
29843375  13:35:00             ts-delivery-service-79c46f4f45-r5pwb               706.122           707.743                 -             0.003         440721408
29843375  13:35:00             ts-delivery-service-79c46f4f45-tvmfl                  2706              2707                 -             0.001         447062016
29843375  13:35:00             ts-food-delivery-service-7cdc54dd4d-4jwk                 -                 -                 -             0.001         417976320
29843376  13:36:00             ts-delivery-service-79c46f4f45-bmgvs               706.217           707.079                 -             0.002         442785792
29843376  13:36:00             ts-delivery-service-79c46f4f45-r5pwb               706.139           707.120                 -             0.003         440721408
29843376  13:36:00             ts-delivery-service-79c46f4f45-tvmfl                  2706              2706                 -             0.002         447062016
29843376  13:36:00             ts-food-delivery-service-7cdc54dd4d-4jwk                 -                 -                 -             0.001         417972224
29843377  13:37:00             ts-delivery-service-79c46f4f45-bmgvs               706.174           707.236                 -             0.003         442707968
29843377  13:37:00             ts-delivery-service-79c46f4f45-r5pwb               705.907           706.859                 -             0.003         440725504
29843377  13:37:00             ts-delivery-service-79c46f4f45-tvmfl                  2706              2707                 -             0.002         447029248
29843377  13:37:00             ts-food-delivery-service-7cdc54dd4d-4jwk                 -                 -                 -             0.001         417972224
29843378  13:38:00             ts-delivery-service-79c46f4f45-bmgvs               706.307           707.327                 -             0.002         442707968
29843378  13:38:00             ts-delivery-service-79c46f4f45-r5pwb               706.118           707.018                 -             0.003         440729600
29843378  13:38:00             ts-delivery-service-79c46f4f45-tvmfl                  2706              2709                 -             0.002         447062016
29843378  13:38:00             ts-food-delivery-service-7cdc54dd4d-4jwk                 -                 -                 -             0.001         417976320
29843379  13:39:00             ts-delivery-service-79c46f4f45-bmgvs               706.177           706.991                 -             0.003         442707968
29843379  13:39:00             ts-delivery-service-79c46f4f45-r5pwb               705.972           706.991                 -             0.003         440729600
29843379  13:39:00             ts-delivery-service-79c46f4f45-tvmfl                  2706              2707                 -             0.002         447033344
29843379  13:39:00             ts-food-delivery-service-7cdc54dd4d-4jwk                 -                 -                 -             0.001         417972224
29843380  13:40:00             ts-delivery-service-79c46f4f45-bmgvs               706.139           707.260                 -             0.003         442814464
29843380  13:40:00             ts-delivery-service-79c46f4f45-r5pwb               705.991           707.695                 -             0.003         440733696
29843380  13:40:00             ts-delivery-service-79c46f4f45-tvmfl                  2706              2712                 -             0.002         447037440
29843380  13:40:00             ts-food-delivery-service-7cdc54dd4d-4jwk                 -                 -                 -             0.001         417972224
29843381  13:41:00             ts-delivery-service-79c46f4f45-bmgvs               706.268           707.330                 -             0.003         442814464
29843381  13:41:00             ts-delivery-service-79c46f4f45-r5pwb               706.055           707.616                 -             0.003         440733696
29843381  13:41:00             ts-delivery-service-79c46f4f45-tvmfl                  2706              2707                 -             0.002         447033344
29843381  13:41:00             ts-food-delivery-service-7cdc54dd4d-4jwk                 -                 -                 -             0.001         417972224
29843382  13:42:00             ts-delivery-service-79c46f4f45-bmgvs               706.062           707.109                 -             0.003         442814464
29843382  13:42:00             ts-delivery-service-79c46f4f45-r5pwb               705.804           707.000                 -             0.003         440741888
29843382  13:42:00             ts-delivery-service-79c46f4f45-tvmfl                  2706              2707                 -             0.002         447062016
29843382  13:42:00             ts-food-delivery-service-7cdc54dd4d-4jwk                 -                 -                 -             0.001         417972224
29843383  13:43:00             ts-delivery-service-79c46f4f45-bmgvs               706.267           707.492                 -             0.003         442843136
29843383  13:43:00             ts-delivery-service-79c46f4f45-r5pwb               705.913           706.805                 -             0.003         440754176
29843383  13:43:00             ts-delivery-service-79c46f4f45-tvmfl                  2706              2706                 -             0.002         447062016
29843383  13:43:00             ts-food-delivery-service-7cdc54dd4d-4jwk                 -                 -                 -             0.001         417972224
29843384  13:44:00             ts-delivery-service-79c46f4f45-bmgvs               706.134           707.347                 -             0.003         442843136
29843384  13:44:00             ts-delivery-service-79c46f4f45-r5pwb               705.961           707.515                 -             0.003         440754176
29843384  13:44:00             ts-delivery-service-79c46f4f45-tvmfl                  2706              2707                 -             0.002         447029248
29843384  13:44:00             ts-food-delivery-service-7cdc54dd4d-4jwk                 -                 -                 -             0.001         417972224
29843385  13:45:00             ts-delivery-service-79c46f4f45-bmgvs               706.330           707.364                 -             0.003         442843136
29843385  13:45:00             ts-delivery-service-79c46f4f45-r5pwb               706.193           707.312                 -             0.003         440762368
29843385  13:45:00             ts-delivery-service-79c46f4f45-tvmfl                  2706              2707                 -             0.001         447029248
29843385  13:45:00             ts-food-delivery-service-7cdc54dd4d-4jwk                 -                 -                 -             0.001         417972224
29843386  13:46:00             ts-delivery-service-79c46f4f45-bmgvs               706.312           707.054                 -             0.004         442843136
29843386  13:46:00             ts-delivery-service-79c46f4f45-r5pwb               706.125           707.305                 -             0.003         440770560
29843386  13:46:00             ts-delivery-service-79c46f4f45-tvmfl                  2706              2710                 -             0.002         447062016
29843386  13:46:00             ts-food-delivery-service-7cdc54dd4d-4jwk                 -                 -                 -             0.001         417972224
29843387  13:47:00             ts-delivery-service-79c46f4f45-bmgvs               706.354           707.595                 -             0.002         442855424
29843387  13:47:00             ts-delivery-service-79c46f4f45-r5pwb               706.304           707.518                 -             0.004         440770560
29843387  13:47:00             ts-delivery-service-79c46f4f45-tvmfl                  2706              2708                 -             0.002         446509056
29843387  13:47:00             ts-food-delivery-service-7cdc54dd4d-4jwk                 -                 -                 -             0.001         417972224
29843388  13:48:00             ts-delivery-service-79c46f4f45-bmgvs               706.188           706.977                 -             0.004         442888192
29843388  13:48:00             ts-delivery-service-79c46f4f45-r5pwb               706.583           707.407                 -             0.004         440778752
29843388  13:48:00             ts-delivery-service-79c46f4f45-tvmfl                  2706              2708                 -             0.001         446541824
29843388  13:48:00             ts-food-delivery-service-7cdc54dd4d-4jwk                 -                 -                 -             0.001         417972224
29843389  13:49:00             ts-delivery-service-79c46f4f45-bmgvs               706.040           707.170                 -             0.003         442888192
29843389  13:49:00             ts-delivery-service-79c46f4f45-r5pwb               706.637           708.027                 -             0.004         440225792
29843389  13:49:00             ts-delivery-service-79c46f4f45-tvmfl               706.895              2707                 -             0.002         446541824
29843389  13:49:00             ts-food-delivery-service-7cdc54dd4d-4jwk                 -                 -                 -             0.001         417972224
29843390  13:50:00             ts-delivery-service-79c46f4f45-bmgvs               706.368           707.394                 -             0.003         442892288
29843390  13:50:00             ts-delivery-service-79c46f4f45-r5pwb               706.682           709.262                 -             0.003         440225792
29843390  13:50:00             ts-delivery-service-79c46f4f45-tvmfl               706.105           707.291                 -             0.003         446541824
29843390  13:50:00             ts-food-delivery-service-7cdc54dd4d-4jwk                 -                 -                 -             0.001         417972224
29843391  13:51:00             ts-delivery-service-79c46f4f45-bmgvs               706.191           707.274                 -             0.003         442892288
29843391  13:51:00             ts-delivery-service-79c46f4f45-r5pwb               706.382           707.712                 -             0.004         440233984
29843391  13:51:00             ts-delivery-service-79c46f4f45-tvmfl               706.365           707.225                 -             0.004         446541824
29843391  13:51:00             ts-food-delivery-service-7cdc54dd4d-4jwk                 -                 -                 -             0.001         417972224
29843392  13:52:00             ts-delivery-service-79c46f4f45-bmgvs               706.220           707.188                 -             0.003         442892288
29843392  13:52:00             ts-delivery-service-79c46f4f45-r5pwb               706.542           707.412                 -             0.003         440233984
29843392  13:52:00             ts-delivery-service-79c46f4f45-tvmfl               706.414           707.860                 -             0.003         446455808
29843392  13:52:00             ts-food-delivery-service-7cdc54dd4d-4jwk                 -                 -                 -             0.001         418054144
29843393  13:53:00             ts-delivery-service-79c46f4f45-bmgvs               706.167           707.128                 -             0.003         442908672
29843393  13:53:00             ts-delivery-service-79c46f4f45-r5pwb               706.463           708.103                 -             0.004         440856576
29843393  13:53:00             ts-delivery-service-79c46f4f45-tvmfl               706.075           707.283                 -             0.003         446521344
29843393  13:53:00             ts-food-delivery-service-7cdc54dd4d-4jwk                 -                 -                 -             0.001         417972224
29843394  13:54:00             ts-delivery-service-79c46f4f45-bmgvs               706.191           707.186                 -             0.003         442908672
29843394  13:54:00             ts-delivery-service-79c46f4f45-r5pwb               706.535           708.094                 -             0.004         440864768
29843394  13:54:00             ts-delivery-service-79c46f4f45-tvmfl               706.215           707.060                 -             0.004         446521344
29843394  13:54:00             ts-food-delivery-service-7cdc54dd4d-4jwk                 -                 -                 -             0.001         418050048
29843395  13:55:00             ts-delivery-service-79c46f4f45-bmgvs               706.396           846.912                 -             0.002         442908672
29843395  13:55:00             ts-delivery-service-79c46f4f45-r5pwb               707.104           848.417                 -             0.002         440864768
29843395  13:55:00             ts-delivery-service-79c46f4f45-tvmfl               706.074           713.202                 -             0.002         446423040
29843395  13:55:00             ts-food-delivery-service-7cdc54dd4d-4jwk                 -                 -                 -             0.001         417972224
29843396  13:56:00             ts-delivery-service-79c46f4f45-bmgvs               706.270           846.784                 -             0.003         443170816
29843396  13:56:00             ts-delivery-service-79c46f4f45-r5pwb               707.054           846.737                 -             0.004         440872960
29843396  13:56:00             ts-delivery-service-79c46f4f45-tvmfl               706.106           846.214                 -             0.003         446324736
29843396  13:56:00             ts-food-delivery-service-7cdc54dd4d-4jwk                 -                 -                 -             0.001         417972224
29843397  13:57:00             ts-delivery-service-79c46f4f45-bmgvs               706.287           846.443                 -             0.002         442920960
29843397  13:57:00             ts-delivery-service-79c46f4f45-r5pwb               707.355           848.154                 -             0.004         440872960
29843397  13:57:00             ts-delivery-service-79c46f4f45-tvmfl               706.165           846.732                 -             0.003         446664704
29843397  13:57:00             ts-food-delivery-service-7cdc54dd4d-4jwk                 -                 -                 -             0.001         417972224
29843398  13:58:00             ts-delivery-service-79c46f4f45-bmgvs               706.245           846.915                 -             0.003         442920960
29843398  13:58:00             ts-delivery-service-79c46f4f45-r5pwb               707.420           848.411                 -             0.004         441090048
29843398  13:58:00             ts-delivery-service-79c46f4f45-tvmfl               706.054           846.577                 -             0.002         446431232
29843398  13:58:00             ts-food-delivery-service-7cdc54dd4d-4jwk                 -                 -                 -             0.001         417972224
29843399  13:59:00             ts-delivery-service-79c46f4f45-bmgvs               706.304           846.606                 -             0.003         442912768
29843399  13:59:00             ts-delivery-service-79c46f4f45-r5pwb               706.997           847.893                 -             0.004         441098240
29843399  13:59:00             ts-delivery-service-79c46f4f45-tvmfl               706.058           846.385                 -             0.003         446373888
29843399  13:59:00             ts-food-delivery-service-7cdc54dd4d-4jwk                 -                 -                 -             0.001         418004992
29843400  14:00:00             ts-delivery-service-79c46f4f45-bmgvs               706.318           846.787                 -             0.002         442916864
29843400  14:00:00             ts-delivery-service-79c46f4f45-r5pwb               707.302           709.585                 -             0.003         441098240
29843400  14:00:00             ts-delivery-service-79c46f4f45-tvmfl               706.079           845.987                 -             0.003         446509056
29843400  14:00:00             ts-food-delivery-service-7cdc54dd4d-4jwk                 -                 -                 -             0.001         417972224
29843401  14:01:00             ts-delivery-service-79c46f4f45-bmgvs               706.261           847.013                 -             0.003         442920960
29843401  14:01:00             ts-delivery-service-79c46f4f45-r5pwb               706.928           847.372                 -             0.004         441118720
29843401  14:01:00             ts-delivery-service-79c46f4f45-tvmfl               706.076           846.441                 -             0.003         446509056
29843401  14:01:00             ts-food-delivery-service-7cdc54dd4d-4jwk                 -                 -                 -             0.001         417972224
29843402  14:02:00             ts-delivery-service-79c46f4f45-bmgvs               706.132           846.858                 -             0.002         442925056
29843402  14:02:00             ts-delivery-service-79c46f4f45-r5pwb               707.310           847.909                 -             0.004         441122816
29843402  14:02:00             ts-delivery-service-79c46f4f45-tvmfl               706.043           846.625                 -             0.002         446504960
29843402  14:02:00             ts-food-delivery-service-7cdc54dd4d-4jwk                 -                 -                 -             0.001         417972224
29843403  14:03:00             ts-delivery-service-79c46f4f45-bmgvs               706.166           846.710                 -             0.002         442925056
29843403  14:03:00             ts-delivery-service-79c46f4f45-r5pwb               707.073           847.961                 -             0.004         441131008
29843403  14:03:00             ts-delivery-service-79c46f4f45-tvmfl               706.107           846.511                 -             0.003         446504960
29843403  14:03:00             ts-food-delivery-service-7cdc54dd4d-4jwk                 -                 -                 -             0.001         417972224
29843404  14:04:00             ts-delivery-service-79c46f4f45-bmgvs               706.379           847.149                 -             0.003         442925056
29843404  14:04:00             ts-delivery-service-79c46f4f45-r5pwb               707.509           709.550                 -             0.004         441389056
29843404  14:04:00             ts-delivery-service-79c46f4f45-tvmfl               706.193           846.829                 -             0.003         446529536
29843404  14:04:00             ts-food-delivery-service-7cdc54dd4d-4jwk                 -                 -                 -             0.001         417972224
29843405  14:05:00             ts-delivery-service-79c46f4f45-bmgvs               706.454           847.393                 -             0.003         442937344
29843405  14:05:00             ts-delivery-service-79c46f4f45-r5pwb               707.526           848.826                 -             0.004         441151488
29843405  14:05:00             ts-delivery-service-79c46f4f45-tvmfl               706.264           846.347                 -             0.002         446562304
29843405  14:05:00             ts-food-delivery-service-7cdc54dd4d-4jwk                 -                 -                 -             0.001         417939456
29843406  14:06:00             ts-delivery-service-79c46f4f45-bmgvs               706.512           847.618                 -             0.003         442933248
29843406  14:06:00             ts-delivery-service-79c46f4f45-r5pwb               707.654           847.862                 -             0.004         441167872
29843406  14:06:00             ts-delivery-service-79c46f4f45-tvmfl               706.491           847.023                 -             0.003         446525440
29843406  14:06:00             ts-food-delivery-service-7cdc54dd4d-4jwk                 -                 -                 -             0.001         417972224
29843407  14:07:00             ts-delivery-service-79c46f4f45-bmgvs               706.442           846.918                 -             0.002         442933248
29843407  14:07:00             ts-delivery-service-79c46f4f45-r5pwb               707.496           847.661                 -             0.003         441184256
29843407  14:07:00             ts-delivery-service-79c46f4f45-tvmfl               706.191           846.542                 -             0.003         446373888
29843407  14:07:00             ts-food-delivery-service-7cdc54dd4d-4jwk                 -                 -                 -             0.001         417972224
29843408  14:08:00             ts-delivery-service-79c46f4f45-bmgvs               706.465           847.357                 -             0.002         442929152
29843408  14:08:00             ts-delivery-service-79c46f4f45-r5pwb               707.384           848.044                 -             0.004         441184256
29843408  14:08:00             ts-delivery-service-79c46f4f45-tvmfl               706.069           846.857                 -             0.002         446377984
29843408  14:08:00             ts-food-delivery-service-7cdc54dd4d-4jwk                 -                 -                 -             0.001         417972224
29843409  14:09:00             ts-delivery-service-79c46f4f45-bmgvs               706.090           847.166                 -             0.003         442933248
29843409  14:09:00             ts-delivery-service-79c46f4f45-r5pwb               707.373           848.000                 -             0.003         441192448
29843409  14:09:00             ts-delivery-service-79c46f4f45-tvmfl               706.182           846.370                 -             0.003         446341120
29843409  14:09:00             ts-food-delivery-service-7cdc54dd4d-4jwk                 -                 -                 -             0.001         417972224
29843410  14:10:00             ts-delivery-service-79c46f4f45-bmgvs               706.660           847.232                 -             0.002         442937344
29843410  14:10:00             ts-delivery-service-79c46f4f45-r5pwb               707.339           848.490                 -             0.004         441188352
29843410  14:10:00             ts-delivery-service-79c46f4f45-tvmfl               706.335           847.490                 -             0.002         446513152
29843410  14:10:00             ts-food-delivery-service-7cdc54dd4d-4jwk                 -                 -                 -             0.001         417972224
29843411  14:11:00             ts-delivery-service-79c46f4f45-bmgvs               706.365           846.544                 -             0.003         442937344
29843411  14:11:00             ts-delivery-service-79c46f4f45-r5pwb               707.526           848.605                 -             0.003         441163776
29843411  14:11:00             ts-delivery-service-79c46f4f45-tvmfl               706.268           846.836                 -             0.002         446504960
29843411  14:11:00             ts-food-delivery-service-7cdc54dd4d-4jwk                 -                 -                 -             0.001         417972224
29843412  14:12:00             ts-delivery-service-79c46f4f45-bmgvs               706.436           847.417                 -             0.003         442937344
29843412  14:12:00             ts-delivery-service-79c46f4f45-r5pwb               707.475           848.018                 -             0.003         441159680
29843412  14:12:00             ts-delivery-service-79c46f4f45-tvmfl               706.415           846.828                 -             0.003         446500864
29843412  14:12:00             ts-food-delivery-service-7cdc54dd4d-4jwk                 -                 -                 -             0.001         417939456
29843413  14:13:00             ts-delivery-service-79c46f4f45-bmgvs               706.441           847.250                 -             0.003         443199488
29843413  14:13:00             ts-delivery-service-79c46f4f45-r5pwb               706.818           847.104                 -             0.003         441176064
29843413  14:13:00             ts-delivery-service-79c46f4f45-tvmfl               706.372           846.561                 -             0.002         446603264
29843413  14:13:00             ts-food-delivery-service-7cdc54dd4d-4jwk                 -                 -                 -             0.001         417972224
29843414  14:14:00             ts-delivery-service-79c46f4f45-bmgvs               706.400           847.216                 -             0.003         442941440
29843414  14:14:00             ts-delivery-service-79c46f4f45-r5pwb               706.581           847.172                 -             0.003         441184256
29843414  14:14:00             ts-delivery-service-79c46f4f45-tvmfl               706.366              2707                 -             0.003         446570496
29843414  14:14:00             ts-food-delivery-service-7cdc54dd4d-4jwk                 -                 -                 -             0.001         417972224
29843415  14:15:00             ts-delivery-service-79c46f4f45-bmgvs               706.416           707.843                 -             0.003         442941440
29843415  14:15:00             ts-delivery-service-79c46f4f45-r5pwb               706.968           708.369                 -             0.004         441118720
29843415  14:15:00             ts-delivery-service-79c46f4f45-tvmfl                  2706              2707                 -             0.002         446570496
29843415  14:15:00             ts-food-delivery-service-7cdc54dd4d-4jwk                 -                 -                 -             0.001         417972224
29843416  14:16:00             ts-delivery-service-79c46f4f45-bmgvs               706.075           707.611                 -             0.003         442941440
29843416  14:16:00             ts-delivery-service-79c46f4f45-r5pwb               707.177           708.782                 -             0.004         441131008
29843416  14:16:00             ts-delivery-service-79c46f4f45-tvmfl                  2706              2708                 -             0.001         446636032
29843416  14:16:00             ts-food-delivery-service-7cdc54dd4d-4jwk                 -                 -                 -             0.001         417972224
29843417  14:17:00             ts-delivery-service-79c46f4f45-bmgvs               706.267           707.630                 -             0.002         442953728
29843417  14:17:00             ts-delivery-service-79c46f4f45-r5pwb               707.221           708.407                 -             0.004         441192448
29843417  14:17:00             ts-delivery-service-79c46f4f45-tvmfl                  2706              2709                 -             0.002         446570496
29843417  14:17:00             ts-food-delivery-service-7cdc54dd4d-4jwk                 -                 -                 -             0.001         417972224
29843418  14:18:00             ts-delivery-service-79c46f4f45-bmgvs               706.452           707.509                 -             0.003         443019264
29843418  14:18:00             ts-delivery-service-79c46f4f45-r5pwb               707.114           708.156                 -             0.004         441237504
29843418  14:18:00             ts-delivery-service-79c46f4f45-tvmfl                  2707              2708                 -             0.002         446603264
29843418  14:18:00             ts-food-delivery-service-7cdc54dd4d-4jwk                 -                 -                 -             0.001         417972224
29843419  14:19:00             ts-delivery-service-79c46f4f45-bmgvs               706.252           707.366                 -             0.003         443052032
29843419  14:19:00             ts-delivery-service-79c46f4f45-r5pwb               706.773           707.650                 -             0.004         441409536
29843419  14:19:00             ts-delivery-service-79c46f4f45-tvmfl                  2707              2708                 -             0.002         446537728
29843419  14:19:00             ts-food-delivery-service-7cdc54dd4d-4jwk                 -                 -                 -             0.001         417972224
29843420  14:20:00             ts-delivery-service-79c46f4f45-bmgvs               706.132           707.791                 -             0.003         443027456
29843420  14:20:00             ts-delivery-service-79c46f4f45-r5pwb               707.076           709.312                 -             0.004         441147392
29843420  14:20:00             ts-delivery-service-79c46f4f45-tvmfl                  2707              2717                 -             0.003         446537728
29843420  14:20:00             ts-food-delivery-service-7cdc54dd4d-4jwk                 -                 -                 -             0.001         417972224
29843421  14:21:00             ts-delivery-service-79c46f4f45-bmgvs               706.250           707.292                 -             0.003         443027456
29843421  14:21:00             ts-delivery-service-79c46f4f45-r5pwb               707.070           709.032                 -             0.003         440913920
29843421  14:21:00             ts-delivery-service-79c46f4f45-tvmfl                  2706              7582                 -             0.002         446648320
29843421  14:21:00             ts-food-delivery-service-7cdc54dd4d-4jwk                 -                 -                 -             0.001         417972224
29843422  14:22:00             ts-delivery-service-79c46f4f45-bmgvs               706.129           707.182                 -             0.003         443027456
29843422  14:22:00             ts-delivery-service-79c46f4f45-r5pwb               706.941           708.206                 -             0.004         441151488
29843422  14:22:00             ts-delivery-service-79c46f4f45-tvmfl                  2707              2708                 -             0.002         446644224
29843422  14:22:00             ts-food-delivery-service-7cdc54dd4d-4jwk                 -                 -                 -             0.001         418004992
29843423  14:23:00             ts-delivery-service-79c46f4f45-bmgvs               705.992           707.028                 -             0.003         443031552
29843423  14:23:00             ts-delivery-service-79c46f4f45-r5pwb               706.266           707.650                 -             0.002         441151488
29843423  14:23:00             ts-delivery-service-79c46f4f45-tvmfl                  2707              2708                 -             0.002         446644224
29843423  14:23:00             ts-food-delivery-service-7cdc54dd4d-4jwk                 -                 -                 -             0.001         417972224
29843424  14:24:00             ts-delivery-service-79c46f4f45-bmgvs               706.228           707.525                 -             0.003         443031552
29843424  14:24:00             ts-delivery-service-79c46f4f45-r5pwb               706.840           708.298                 -             0.004         441577472
29843424  14:24:00             ts-delivery-service-79c46f4f45-tvmfl                  2706              2712                 -             0.001         446676992
29843424  14:24:00             ts-food-delivery-service-7cdc54dd4d-4jwk                 -                 -                 -             0.001         418004992
29843425  14:25:00             ts-delivery-service-79c46f4f45-bmgvs               706.265           707.199                 -             0.003         443031552
29843425  14:25:00             ts-delivery-service-79c46f4f45-r5pwb               707.274           708.928                 -             0.003         441602048
29843425  14:25:00             ts-delivery-service-79c46f4f45-tvmfl                  2706              2708                 -             0.002         446676992
29843425  14:25:00             ts-food-delivery-service-7cdc54dd4d-4jwk                 -                 -                 -             0.001         417972224
29843426  14:26:00             ts-delivery-service-79c46f4f45-bmgvs               706.127           707.033                 -             0.003         443031552
29843426  14:26:00             ts-delivery-service-79c46f4f45-r5pwb               706.950           708.461                 -             0.005         441778176
29843426  14:26:00             ts-delivery-service-79c46f4f45-tvmfl                  2706              2708                 -             0.002         446644224
29843426  14:26:00             ts-food-delivery-service-7cdc54dd4d-4jwk                 -                 -                 -             0.001         417976320
29843427  14:27:00             ts-delivery-service-79c46f4f45-bmgvs               706.145           707.081                 -             0.004         443035648
29843427  14:27:00             ts-delivery-service-79c46f4f45-r5pwb               706.890           708.717                 -             0.005         441704448
29843427  14:27:00             ts-delivery-service-79c46f4f45-tvmfl                  2707              2707                 -             0.002         446615552
29843427  14:27:00             ts-food-delivery-service-7cdc54dd4d-4jwk                 -                 -                 -             0.001         417972224
29843428  14:28:00             ts-delivery-service-79c46f4f45-bmgvs               706.066           707.108                 -             0.003         443035648
29843428  14:28:00             ts-delivery-service-79c46f4f45-r5pwb               706.733           707.829                 -             0.004         441880576
29843428  14:28:00             ts-delivery-service-79c46f4f45-tvmfl                  2707              2707                 -             0.002         446644224
29843428  14:28:00             ts-food-delivery-service-7cdc54dd4d-4jwk                 -                 -                 -             0.001         417972224
29843429  14:29:00             ts-delivery-service-79c46f4f45-bmgvs               706.087           707.124                 -             0.003         443281408
29843429  14:29:00             ts-delivery-service-79c46f4f45-r5pwb               706.489           708.049                 -             0.002         442142720
29843429  14:29:00             ts-delivery-service-79c46f4f45-tvmfl                  2706              2708                 -             0.001         446676992
29843429  14:29:00             ts-food-delivery-service-7cdc54dd4d-4jwk                 -                 -                 -             0.001         417972224
29843430  14:30:00             ts-delivery-service-79c46f4f45-bmgvs               706.060           707.245                 -             0.002         443039744
29843430  14:30:00             ts-delivery-service-79c46f4f45-r5pwb               706.419           708.554                 -             0.005         441892864
29843430  14:30:00             ts-delivery-service-79c46f4f45-tvmfl                  2706              2708                 -             0.002         446644224
29843430  14:30:00             ts-food-delivery-service-7cdc54dd4d-4jwk                 -                 -                 -             0.001         417992704
29843431  14:31:00             ts-delivery-service-79c46f4f45-bmgvs               706.162           707.791                 -             0.003         443039744
29843431  14:31:00             ts-delivery-service-79c46f4f45-r5pwb               706.252           708.010                 -             0.003         441892864
29843431  14:31:00             ts-delivery-service-79c46f4f45-tvmfl                  2707              2708                 -             0.002         446648320
29843431  14:31:00             ts-food-delivery-service-7cdc54dd4d-4jwk                 -                 -                 -             0.001         417992704
29843432  14:32:00             ts-delivery-service-79c46f4f45-bmgvs               706.319           707.160                 -             0.003         443039744
29843432  14:32:00             ts-delivery-service-79c46f4f45-r5pwb               706.520           707.654                 -             0.004         441958400
29843432  14:32:00             ts-delivery-service-79c46f4f45-tvmfl                  2706              2707                 -             0.002         446644224
29843432  14:32:00             ts-food-delivery-service-7cdc54dd4d-4jwk                 -                 -                 -             0.001         417992704
29843433  14:33:00             ts-delivery-service-79c46f4f45-bmgvs               706.178           707.044                 -             0.003         443047936
29843433  14:33:00             ts-delivery-service-79c46f4f45-r5pwb               706.873           708.136                 -             0.005         442224640
29843433  14:33:00             ts-delivery-service-79c46f4f45-tvmfl                  2706              2708                 -             0.002         446656512
29843433  14:33:00             ts-food-delivery-service-7cdc54dd4d-4jwk                 -                 -                 -             0.001         417992704
29843434  14:34:00             ts-delivery-service-79c46f4f45-bmgvs               706.140           707.211                 -             0.004         443047936
29843434  14:34:00             ts-delivery-service-79c46f4f45-r5pwb               706.944           708.744                 -             0.003         441970688
29843434  14:34:00             ts-delivery-service-79c46f4f45-tvmfl               706.636              2707                 -             0.001         446656512
29843434  14:34:00             ts-food-delivery-service-7cdc54dd4d-4jwk                 -                 -                 -             0.001         417996800
29843435  14:35:00             ts-delivery-service-79c46f4f45-bmgvs               706.276           707.393                 -             0.003         443047936
29843435  14:35:00             ts-delivery-service-79c46f4f45-r5pwb               707.303           708.732                 -             0.005         441982976
29843435  14:35:00             ts-delivery-service-79c46f4f45-tvmfl               706.139           707.021                 -             0.004         446656512
29843435  14:35:00             ts-food-delivery-service-7cdc54dd4d-4jwk                 -                 -                 -             0.001         417992704
29843436  14:36:00             ts-delivery-service-79c46f4f45-bmgvs               706.415           707.436                 -             0.004         443047936
29843436  14:36:00             ts-delivery-service-79c46f4f45-r5pwb               706.806           708.055                 -             0.005         441995264
29843436  14:36:00             ts-delivery-service-79c46f4f45-tvmfl               706.101           707.252                 -             0.003         446656512
29843436  14:36:00             ts-food-delivery-service-7cdc54dd4d-4jwk                 -                 -                 -             0.001         417992704
29843437  14:37:00             ts-delivery-service-79c46f4f45-bmgvs               706.273           707.222                 -             0.002         443056128
29843437  14:37:00             ts-delivery-service-79c46f4f45-r5pwb               707.297           708.848                 -             0.003         441995264
29843437  14:37:00             ts-delivery-service-79c46f4f45-tvmfl               706.193           707.172                 -             0.003         446656512
29843437  14:37:00             ts-food-delivery-service-7cdc54dd4d-4jwk                 -                 -                 -             0.001         417992704
29843438  14:38:00             ts-delivery-service-79c46f4f45-bmgvs               706.184           708.599                 -             0.003         443056128
29843438  14:38:00             ts-delivery-service-79c46f4f45-r5pwb               707.185           710.220                 -             0.005         442036224
29843438  14:38:00             ts-delivery-service-79c46f4f45-tvmfl               706.051           707.922                 -             0.004         446664704
29843438  14:38:00             ts-food-delivery-service-7cdc54dd4d-4jwk                 -                 -                 -             0.001         417992704
29843439  14:39:00             ts-delivery-service-79c46f4f45-bmgvs               706.098           846.063                 -             0.003         443056128
29843439  14:39:00             ts-delivery-service-79c46f4f45-r5pwb               707.071           847.931                 -             0.004         442036224
29843439  14:39:00             ts-delivery-service-79c46f4f45-tvmfl               706.148           846.070                 -             0.003         446926848
29843439  14:39:00             ts-food-delivery-service-7cdc54dd4d-4jwk                 -                 -                 -             0.001         417992704
29843440  14:40:00             ts-delivery-service-79c46f4f45-bmgvs               706.150           846.010                 -             0.003         443322368
29843440  14:40:00             ts-delivery-service-79c46f4f45-r5pwb               707.146           847.480                 -             0.003         442040320
29843440  14:40:00             ts-delivery-service-79c46f4f45-tvmfl               706.020           846.194                 -             0.003         446664704
29843440  14:40:00             ts-food-delivery-service-7cdc54dd4d-4jwk                 -                 -                 -             0.001         417992704
29843441  14:41:00             ts-delivery-service-79c46f4f45-bmgvs               706.070           846.434                 -             0.003         443031552
29843441  14:41:00             ts-delivery-service-79c46f4f45-r5pwb               706.854           713.840                 -             0.003         442048512
29843441  14:41:00             ts-delivery-service-79c46f4f45-tvmfl               706.169           846.371                 -             0.003         446672896
29843441  14:41:00             ts-food-delivery-service-7cdc54dd4d-4jwk                 -                 -                 -             0.001         417992704
29843442  14:42:00             ts-delivery-service-79c46f4f45-bmgvs               706.264           846.265                 -             0.003         443031552
29843442  14:42:00             ts-delivery-service-79c46f4f45-r5pwb               707.153           710.020                 -             0.004         442048512
29843442  14:42:00             ts-delivery-service-79c46f4f45-tvmfl               706.000           846.472                 -             0.002         446672896
29843442  14:42:00             ts-food-delivery-service-7cdc54dd4d-4jwk                 -                 -                 -             0.001         417992704
29843443  14:43:00             ts-delivery-service-79c46f4f45-bmgvs               706.098           846.600                 -             0.002         443031552
29843443  14:43:00             ts-delivery-service-79c46f4f45-r5pwb               707.097           847.854                 -             0.004         442056704
29843443  14:43:00             ts-delivery-service-79c46f4f45-tvmfl               706.016           846.591                 -             0.003         446672896
29843443  14:43:00             ts-food-delivery-service-7cdc54dd4d-4jwk                 -                 -                 -             0.001         417992704
29843444  14:44:00             ts-delivery-service-79c46f4f45-bmgvs               706.140           846.817                 -             0.002         443031552
29843444  14:44:00             ts-delivery-service-79c46f4f45-r5pwb               707.251           847.683                 -             0.003         442056704
29843444  14:44:00             ts-delivery-service-79c46f4f45-tvmfl               706.055           846.521                 -             0.002         446672896
29843444  14:44:00             ts-food-delivery-service-7cdc54dd4d-4jwk                 -                 -                 -             0.001         417992704
29843445  14:45:00             ts-delivery-service-79c46f4f45-bmgvs               706.222           708.088                 -             0.003         443039744
29843445  14:45:00             ts-delivery-service-79c46f4f45-r5pwb               707.287           847.457                 -             0.004         442032128
29843445  14:45:00             ts-delivery-service-79c46f4f45-tvmfl               706.077           846.934                 -             0.003         446676992
29843445  14:45:00             ts-food-delivery-service-7cdc54dd4d-4jwk                 -                 -                 -             0.001         417992704
29843446  14:46:00             ts-delivery-service-79c46f4f45-bmgvs               706.259           847.537                 -             0.003         443039744
29843446  14:46:00             ts-delivery-service-79c46f4f45-r5pwb               707.027           847.963                 -             0.004         442028032
29843446  14:46:00             ts-delivery-service-79c46f4f45-tvmfl               706.146           846.296                 -             0.002         446676992
29843446  14:46:00             ts-food-delivery-service-7cdc54dd4d-4jwk                 -                 -                 -             0.001         417992704
29843447  14:47:00             ts-delivery-service-79c46f4f45-bmgvs               706.409           847.394                 -             0.003         443072512
29843447  14:47:00             ts-delivery-service-79c46f4f45-r5pwb               707.055           847.093                 -             0.003         441819136
29843447  14:47:00             ts-delivery-service-79c46f4f45-tvmfl               706.225           846.475                 -             0.003         446676992
29843447  14:47:00             ts-food-delivery-service-7cdc54dd4d-4jwk                 -                 -                 -             0.001         417992704
29843448  14:48:00             ts-delivery-service-79c46f4f45-bmgvs               706.355           846.376                 -             0.003         443047936
29843448  14:48:00             ts-delivery-service-79c46f4f45-r5pwb               707.113           847.700                 -             0.004         441790464
29843448  14:48:00             ts-delivery-service-79c46f4f45-tvmfl               705.956           846.186                 -             0.003         446681088
29843448  14:48:00             ts-food-delivery-service-7cdc54dd4d-4jwk                 -                 -                 -             0.001         417992704
29843449  14:49:00             ts-delivery-service-79c46f4f45-bmgvs               706.115           846.028                 -             0.003         443043840
29843449  14:49:00             ts-delivery-service-79c46f4f45-r5pwb               707.287           848.135                 -             0.002         442114048
29843449  14:49:00             ts-delivery-service-79c46f4f45-tvmfl               706.075           846.618                 -             0.003         446689280
29843449  14:49:00             ts-food-delivery-service-7cdc54dd4d-4jwk                 -                 -                 -             0.001         417992704
29843450  14:50:00             ts-delivery-service-79c46f4f45-bmgvs               706.403           846.640                 -             0.002         443043840
29843450  14:50:00             ts-delivery-service-79c46f4f45-r5pwb               706.826           847.708                 -             0.003         442114048
29843450  14:50:00             ts-delivery-service-79c46f4f45-tvmfl               705.879           846.445                 -             0.002         446689280
29843450  14:50:00             ts-food-delivery-service-7cdc54dd4d-4jwk                 -                 -                 -             0.001         417992704
29843451  14:51:00             ts-delivery-service-79c46f4f45-bmgvs               706.181           846.577                 -             0.003         443043840
29843451  14:51:00             ts-delivery-service-79c46f4f45-r5pwb               706.883           847.866                 -             0.005         442511360
29843451  14:51:00             ts-delivery-service-79c46f4f45-tvmfl               705.795           845.953                 -             0.002         446693376
29843451  14:51:00             ts-food-delivery-service-7cdc54dd4d-4jwk                 -                 -                 -             0.001         418070528
29843452  14:52:00             ts-delivery-service-79c46f4f45-bmgvs               706.093           846.849                 -             0.003         443060224
29843452  14:52:00             ts-delivery-service-79c46f4f45-r5pwb               707.103           847.690                 -             0.004         442511360
29843452  14:52:00             ts-delivery-service-79c46f4f45-tvmfl               705.983           846.343                 -             0.003         446689280
29843452  14:52:00             ts-food-delivery-service-7cdc54dd4d-4jwk                 -                 -                 -             0.001         417996800
29843453  14:53:00             ts-delivery-service-79c46f4f45-bmgvs               706.206           846.720                 -             0.002         443056128
29843453  14:53:00             ts-delivery-service-79c46f4f45-r5pwb               707.209           847.856                 -             0.004         442511360
29843453  14:53:00             ts-delivery-service-79c46f4f45-tvmfl               706.001           846.515                 -             0.003         446689280
29843453  14:53:00             ts-food-delivery-service-7cdc54dd4d-4jwk                 -                 -                 -             0.001         418070528
29843454  14:54:00             ts-delivery-service-79c46f4f45-bmgvs               706.175           846.827                 -             0.003         443060224
29843454  14:54:00             ts-delivery-service-79c46f4f45-r5pwb               707.145           847.403                 -             0.004         442519552
29843454  14:54:00             ts-delivery-service-79c46f4f45-tvmfl               705.999           846.151                 -             0.003         446713856
29843454  14:54:00             ts-food-delivery-service-7cdc54dd4d-4jwk                 -                 -                 -             0.001         417996800
29843455  14:55:00             ts-delivery-service-79c46f4f45-bmgvs               706.406           846.599                 -             0.002         443301888
29843455  14:55:00             ts-delivery-service-79c46f4f45-r5pwb               707.303           847.854                 -             0.003         442519552
29843455  14:55:00             ts-delivery-service-79c46f4f45-tvmfl               706.302           846.546                 -             0.003         446713856
29843455  14:55:00             ts-food-delivery-service-7cdc54dd4d-4jwk                 -                 -                 -             0.001         417992704
29843456  14:56:00             ts-delivery-service-79c46f4f45-bmgvs               706.210           846.493                 -             0.003         443064320
29843456  14:56:00             ts-delivery-service-79c46f4f45-r5pwb               707.256           847.851                 -             0.005         442687488
29843456  14:56:00             ts-delivery-service-79c46f4f45-tvmfl               705.795           846.628                 -             0.002         446717952
29843456  14:56:00             ts-food-delivery-service-7cdc54dd4d-4jwk                 -                 -                 -             0.001         417959936
29843457  14:57:00             ts-delivery-service-79c46f4f45-bmgvs               706.120           846.824                 -             0.003         443064320
29843457  14:57:00             ts-delivery-service-79c46f4f45-r5pwb               707.136           846.975                 -             0.004         442687488
29843457  14:57:00             ts-delivery-service-79c46f4f45-tvmfl               705.800           846.493                 -             0.003         446713856
29843457  14:57:00             ts-food-delivery-service-7cdc54dd4d-4jwk                 -                 -                 -             0.001         417992704
29843458  14:58:00             ts-delivery-service-79c46f4f45-bmgvs               706.342           847.179                 -             0.003         443064320
29843458  14:58:00             ts-delivery-service-79c46f4f45-r5pwb               707.159           847.976                 -             0.003         442695680
29843458  14:58:00             ts-delivery-service-79c46f4f45-tvmfl               706.088           846.177                 -             0.003         446717952
29843458  14:58:00             ts-food-delivery-service-7cdc54dd4d-4jwk                 -                 -                 -             0.001         417959936
29843459  14:59:00             ts-delivery-service-79c46f4f45-bmgvs               706.173           846.284                 -             0.003         443064320
29843459  14:59:00             ts-delivery-service-79c46f4f45-r5pwb               707.137           848.652                 -             0.004         442699776
29843459  14:59:00             ts-delivery-service-79c46f4f45-tvmfl               706.137              2706                 -             0.003         446717952
29843459  14:59:00             ts-food-delivery-service-7cdc54dd4d-4jwk                 -                 -                 -             0.001         417992704
29843460  15:00:00             ts-delivery-service-79c46f4f45-bmgvs               706.097           707.911                 -             0.003         443072512
29843460  15:00:00             ts-delivery-service-79c46f4f45-r5pwb               707.012           709.109                 -             0.004         442769408
29843460  15:00:00             ts-delivery-service-79c46f4f45-tvmfl                  2706              3247                 -             0.002         446750720
29843460  15:00:00             ts-food-delivery-service-7cdc54dd4d-4jwk                 -                 -                 -             0.001         417992704
29843461  15:01:00             ts-delivery-service-79c46f4f45-bmgvs               706.121           706.957                 -             0.003         443072512
29843461  15:01:00             ts-delivery-service-79c46f4f45-r5pwb               706.569           708.125                 -             0.003         442769408
29843461  15:01:00             ts-delivery-service-79c46f4f45-tvmfl                  2706              2707                 -             0.001         446717952
29843461  15:01:00             ts-food-delivery-service-7cdc54dd4d-4jwk                 -                 -                 -             0.001         417992704
29843462  15:02:00             ts-delivery-service-79c46f4f45-bmgvs               706.051           707.148                 -             0.002         443072512
29843462  15:02:00             ts-delivery-service-79c46f4f45-r5pwb               706.437           707.588                 -             0.003         442777600
29843462  15:02:00             ts-delivery-service-79c46f4f45-tvmfl                  2706              2707                 -             0.002         446722048
29843462  15:02:00             ts-food-delivery-service-7cdc54dd4d-4jwk                 -                 -                 -             0.001         417992704
29843463  15:03:00             ts-delivery-service-79c46f4f45-bmgvs               706.051           707.173                 -             0.003         443072512
29843463  15:03:00             ts-delivery-service-79c46f4f45-r5pwb               706.362           709.251                 -             0.004         442806272
29843463  15:03:00             ts-delivery-service-79c46f4f45-tvmfl                  2706              2706                 -             0.001         446722048
29843463  15:03:00             ts-food-delivery-service-7cdc54dd4d-4jwk                 -                 -                 -             0.001         417992704
29843464  15:04:00             ts-delivery-service-79c46f4f45-bmgvs               705.978           706.947                 -             0.003         443334656
29843464  15:04:00             ts-delivery-service-79c46f4f45-r5pwb               706.249           707.614                 -             0.003         442806272
29843464  15:04:00             ts-delivery-service-79c46f4f45-tvmfl                  2706              2707                 -             0.002         446685184
29843464  15:04:00             ts-food-delivery-service-7cdc54dd4d-4jwk                 -                 -                 -             0.001         417992704
29843465  15:05:00             ts-delivery-service-79c46f4f45-bmgvs               705.967           706.880                 -             0.003         443076608
29843465  15:05:00             ts-delivery-service-79c46f4f45-r5pwb               706.347           707.646                 -             0.003         442814464
29843465  15:05:00             ts-delivery-service-79c46f4f45-tvmfl                  2706              2707                 -             0.002         446750720
29843465  15:05:00             ts-food-delivery-service-7cdc54dd4d-4jwk                 -                 -                 -             0.001         417992704
29843466  15:06:00             ts-delivery-service-79c46f4f45-bmgvs               706.055           707.121                 -             0.003         443076608
29843466  15:06:00             ts-delivery-service-79c46f4f45-r5pwb               706.503           707.541                 -             0.004         442728448
29843466  15:06:00             ts-delivery-service-79c46f4f45-tvmfl                  2706              2707                 -             0.001         446750720
29843466  15:06:00             ts-food-delivery-service-7cdc54dd4d-4jwk                 -                 -                 -             0.001         417992704
29843467  15:07:00             ts-delivery-service-79c46f4f45-bmgvs               706.028           706.874                 -             0.003         443080704
29843467  15:07:00             ts-delivery-service-79c46f4f45-r5pwb               706.449           709.173                 -             0.002         442724352
29843467  15:07:00             ts-delivery-service-79c46f4f45-tvmfl                  2706              2707                 -             0.002         446726144
29843467  15:07:00             ts-food-delivery-service-7cdc54dd4d-4jwk                 -                 -                 -             0.001         417992704
29843468  15:08:00             ts-delivery-service-79c46f4f45-bmgvs               705.930           706.897                 -             0.003         443080704
29843468  15:08:00             ts-delivery-service-79c46f4f45-r5pwb               706.554           708.517                 -             0.004         442834944
29843468  15:08:00             ts-delivery-service-79c46f4f45-tvmfl                  2705              2706                 -             0.001         446722048
29843468  15:08:00             ts-food-delivery-service-7cdc54dd4d-4jwk                 -                 -                 -             0.001         417992704
29843469  15:09:00             ts-delivery-service-79c46f4f45-bmgvs               706.229           707.307                 -             0.003         443080704
29843469  15:09:00             ts-delivery-service-79c46f4f45-r5pwb               706.734           708.835                 -             0.004         442793984
29843469  15:09:00             ts-delivery-service-79c46f4f45-tvmfl                  2706              2707                 -             0.001         446722048
29843469  15:09:00             ts-food-delivery-service-7cdc54dd4d-4jwk                 -                 -                 -             0.001         417992704
29843470  15:10:00             ts-delivery-service-79c46f4f45-bmgvs               706.082           707.313                 -             0.003         443084800
29843470  15:10:00             ts-delivery-service-79c46f4f45-r5pwb               706.291           708.037                 -             0.003         442793984
29843470  15:10:00             ts-delivery-service-79c46f4f45-tvmfl                  2706              2707                 -             0.001         446734336
29843470  15:10:00             ts-food-delivery-service-7cdc54dd4d-4jwk                 -                 -                 -             0.001         417996800
29843471  15:11:00             ts-delivery-service-79c46f4f45-bmgvs               706.096           707.173                 -             0.002         443342848
29843471  15:11:00             ts-delivery-service-79c46f4f45-r5pwb               705.873           708.334                 -             0.004         442806272
29843471  15:11:00             ts-delivery-service-79c46f4f45-tvmfl                  2706              2707                 -             0.001         446693376
29843471  15:11:00             ts-food-delivery-service-7cdc54dd4d-4jwk                 -                 -                 -             0.001         417992704
29843472  15:12:00             ts-delivery-service-79c46f4f45-bmgvs               706.187           706.973                 -             0.003         443084800
29843472  15:12:00             ts-delivery-service-79c46f4f45-r5pwb               706.222           707.510                 -             0.004         442826752
29843472  15:12:00             ts-delivery-service-79c46f4f45-tvmfl                  2706              2707                 -             0.002         446722048
29843472  15:12:00             ts-food-delivery-service-7cdc54dd4d-4jwk                 -                 -                 -             0.001         417992704
29843473  15:13:00             ts-delivery-service-79c46f4f45-bmgvs               706.130           707.565                 -             0.003         443084800
29843473  15:13:00             ts-delivery-service-79c46f4f45-r5pwb               706.147           708.154                 -             0.002         443088896
29843473  15:13:00             ts-delivery-service-79c46f4f45-tvmfl                  2706              2708                 -             0.001         446722048
29843473  15:13:00             ts-food-delivery-service-7cdc54dd4d-4jwk                 -                 -                 -             0.001         417992704
29843474  15:14:00             ts-delivery-service-79c46f4f45-bmgvs               706.160           707.759                 -             0.003         443105280
29843474  15:14:00             ts-delivery-service-79c46f4f45-r5pwb               705.998           708.270                 -             0.003         442834944
29843474  15:14:00             ts-delivery-service-79c46f4f45-tvmfl                  2706              2707                 -             0.001         446722048
29843474  15:14:00             ts-food-delivery-service-7cdc54dd4d-4jwk                 -                 -                 -             0.001         417996800
29843475  15:15:00             ts-delivery-service-79c46f4f45-bmgvs               705.937           707.400                 -             0.002         443105280
29843475  15:15:00             ts-delivery-service-79c46f4f45-r5pwb               705.986           707.922                 -             0.004         442859520
29843475  15:15:00             ts-delivery-service-79c46f4f45-tvmfl                  2706              2708                 -             0.002         446734336
29843475  15:15:00             ts-food-delivery-service-7cdc54dd4d-4jwk                 -                 -                 -             0.001         417992704
29843476  15:16:00             ts-delivery-service-79c46f4f45-bmgvs               706.321           707.463                 -             0.003         443183104
29843476  15:16:00             ts-delivery-service-79c46f4f45-r5pwb               706.049           707.746                 -             0.003         442859520
29843476  15:16:00             ts-delivery-service-79c46f4f45-tvmfl                  2706              2707                 -             0.002         446754816
29843476  15:16:00             ts-food-delivery-service-7cdc54dd4d-4jwk                 -                 -                 -             0.001         417992704
29843477  15:17:00             ts-delivery-service-79c46f4f45-bmgvs               705.994           707.288                 -             0.004         443109376
29843477  15:17:00             ts-delivery-service-79c46f4f45-r5pwb               706.022           707.407                 -             0.003         442875904
29843477  15:17:00             ts-delivery-service-79c46f4f45-tvmfl                  2706              2707                 -             0.001         446722048
29843477  15:17:00             ts-food-delivery-service-7cdc54dd4d-4jwk                 -                 -                 -             0.001         417992704
29843478  15:18:00             ts-delivery-service-79c46f4f45-bmgvs               706.279           707.089                 -             0.002         443109376
29843478  15:18:00             ts-delivery-service-79c46f4f45-r5pwb               706.517           708.510                 -             0.003         442875904
29843478  15:18:00             ts-delivery-service-79c46f4f45-tvmfl                  2706              2707                 -             0.001         446754816
29843478  15:18:00             ts-food-delivery-service-7cdc54dd4d-4jwk                 -                 -                 -             0.001         418025472
29843479  15:19:00             ts-delivery-service-79c46f4f45-bmgvs               706.024           707.247                 -             0.003         443109376
29843479  15:19:00             ts-delivery-service-79c46f4f45-r5pwb               706.143           709.566                 -             0.003         442888192
29843479  15:19:00             ts-delivery-service-79c46f4f45-tvmfl               706.944              2707                 -             0.003         446726144
29843479  15:19:00             ts-food-delivery-service-7cdc54dd4d-4jwk                 -                 -                 -             0.001         417992704

hosts    run: runs/20260928-174321
window  start_utc            host                 cpu_busy     cpu_pressure  memory_pressure      io_pressure
29843322  12:42:00             master                  0.036            0.010            0.000            0.001
29843322  12:42:00             workers0                0.041            0.010            0.000            0.000
29843322  12:42:00             workers1                0.035            0.009            0.000            0.000
29843322  12:42:00             workers2                0.042            0.011            0.000            0.000
29843322  12:42:00             workers3                0.054            0.025            0.000            0.001
29843322  12:42:00             workers4                0.057            0.020            0.000            0.001
29843322  12:42:00             workers5                0.047            0.020            0.000            0.000
29843322  12:42:00             workers6                0.048            0.008            0.000            0.000
29843323  12:43:00             master                  0.039            0.010            0.000            0.001
29843323  12:43:00             workers0                0.043            0.010            0.000            0.000
29843323  12:43:00             workers1                0.034            0.009            0.000            0.000
29843323  12:43:00             workers2                0.042            0.011            0.000            0.000
29843323  12:43:00             workers3                0.047            0.015            0.000            0.000
29843323  12:43:00             workers4                0.057            0.018            0.000            0.001
29843323  12:43:00             workers5                0.045            0.016            0.000            0.000
29843323  12:43:00             workers6                0.044            0.008            0.000            0.000
29843324  12:44:00             master                  0.072            0.016            0.000            0.001
29843324  12:44:00             workers0                0.050            0.012            0.000            0.000
29843324  12:44:00             workers1                0.120            0.026            0.000            0.000
29843324  12:44:00             workers2                0.043            0.011            0.000            0.000
29843324  12:44:00             workers3                0.050            0.016            0.000            0.000
29843324  12:44:00             workers4                0.053            0.017            0.000            0.001
29843324  12:44:00             workers5                0.053            0.021            0.000            0.000
29843324  12:44:00             workers6                0.050            0.009            0.000            0.000
29843325  12:45:00             master                  0.038            0.011            0.000            0.001
29843325  12:45:00             workers0                0.048            0.012            0.000            0.000
29843325  12:45:00             workers1                0.857            0.641            0.000            0.000
29843325  12:45:00             workers2                0.041            0.010            0.000            0.000
29843325  12:45:00             workers3                0.046            0.016            0.000            0.000
29843325  12:45:00             workers4                0.056            0.016            0.000            0.001
29843325  12:45:00             workers5                0.051            0.024            0.000            0.000
29843325  12:45:00             workers6                0.140            0.028            0.002            0.010
29843326  12:46:00             master                  0.039            0.010            0.000            0.001
29843326  12:46:00             workers0                0.060            0.016            0.000            0.000
29843326  12:46:00             workers1                0.842            0.606            0.000            0.000
29843326  12:46:00             workers2                0.041            0.010            0.000            0.000
29843326  12:46:00             workers3                0.048            0.019            0.000            0.000
29843326  12:46:00             workers4                0.056            0.017            0.000            0.001
29843326  12:46:00             workers5                0.057            0.038            0.000            0.000
29843326  12:46:00             workers6                0.046            0.008            0.000            0.000
29843327  12:47:00             master                  0.038            0.010            0.000            0.001
29843327  12:47:00             workers0                0.057            0.015            0.000            0.000
29843327  12:47:00             workers1                0.843            0.631            0.000            0.000
29843327  12:47:00             workers2                0.043            0.010            0.000            0.000
29843327  12:47:00             workers3                0.045            0.015            0.000            0.000
29843327  12:47:00             workers4                0.056            0.016            0.000            0.001
29843327  12:47:00             workers5                0.052            0.018            0.000            0.001
29843327  12:47:00             workers6                0.044            0.008            0.000            0.000
29843328  12:48:00             master                  0.038            0.010            0.000            0.001
29843328  12:48:00             workers0                0.045            0.011            0.000            0.000
29843328  12:48:00             workers1                0.830            0.634            0.000            0.000
29843328  12:48:00             workers2                0.041            0.010            0.000            0.000
29843328  12:48:00             workers3                0.049            0.021            0.000            0.001
29843328  12:48:00             workers4                0.055            0.015            0.000            0.001
29843328  12:48:00             workers5                0.050            0.023            0.000            0.000
29843328  12:48:00             workers6                0.049            0.009            0.000            0.000
29843329  12:49:00             master                  0.047            0.011            0.000            0.001
29843329  12:49:00             workers0                0.046            0.011            0.000            0.000
29843329  12:49:00             workers1                0.833            0.643            0.000            0.000
29843329  12:49:00             workers2                0.042            0.010            0.000            0.000
29843329  12:49:00             workers3                0.049            0.014            0.000            0.000
29843329  12:49:00             workers4                0.058            0.018            0.000            0.001
29843329  12:49:00             workers5                0.048            0.016            0.000            0.000
29843329  12:49:00             workers6                0.051            0.009            0.000            0.000
29843330  12:50:00             master                  0.037            0.010            0.000            0.001
29843330  12:50:00             workers0                0.048            0.011            0.000            0.000
29843330  12:50:00             workers1                0.827            0.641            0.000            0.000
29843330  12:50:00             workers2                0.043            0.011            0.000            0.000
29843330  12:50:00             workers3                0.046            0.016            0.000            0.000
29843330  12:50:00             workers4                0.057            0.015            0.000            0.001
29843330  12:50:00             workers5                0.050            0.017            0.000            0.001
29843330  12:50:00             workers6                0.050            0.009            0.000            0.000
29843331  12:51:00             master                  0.037            0.010            0.000            0.001
29843331  12:51:00             workers0                0.048            0.011            0.000            0.000
29843331  12:51:00             workers1                0.831            0.653            0.000            0.000
29843331  12:51:00             workers2                0.045            0.011            0.000            0.000
29843331  12:51:00             workers3                0.046            0.015            0.000            0.000
29843331  12:51:00             workers4                0.057            0.016            0.000            0.001
29843331  12:51:00             workers5                0.050            0.025            0.000            0.001
29843331  12:51:00             workers6                0.046            0.008            0.000            0.000
29843332  12:52:00             master                  0.038            0.010            0.000            0.001
29843332  12:52:00             workers0                0.043            0.010            0.000            0.000
29843332  12:52:00             workers1                0.828            0.636            0.000            0.000
29843332  12:52:00             workers2                0.040            0.010            0.000            0.000
29843332  12:52:00             workers3                0.046            0.015            0.000            0.001
29843332  12:52:00             workers4                0.052            0.017            0.000            0.001
29843332  12:52:00             workers5                0.046            0.016            0.000            0.000
29843332  12:52:00             workers6                0.048            0.009            0.000            0.000
29843333  12:53:00             master                  0.034            0.010            0.000            0.001
29843333  12:53:00             workers0                0.052            0.012            0.000            0.000
29843333  12:53:00             workers1                0.854            0.647            0.000            0.000
29843333  12:53:00             workers2                0.039            0.010            0.000            0.000
29843333  12:53:00             workers3                0.045            0.015            0.000            0.000
29843333  12:53:00             workers4                0.055            0.017            0.000            0.001
29843333  12:53:00             workers5                0.051            0.028            0.000            0.000
29843333  12:53:00             workers6                0.051            0.009            0.000            0.001
29843334  12:54:00             master                  0.046            0.012            0.000            0.001
29843334  12:54:00             workers0                0.061            0.015            0.000            0.000
29843334  12:54:00             workers1                0.828            0.655            0.000            0.000
29843334  12:54:00             workers2                0.041            0.010            0.000            0.000
29843334  12:54:00             workers3                0.049            0.016            0.000            0.000
29843334  12:54:00             workers4                0.056            0.017            0.000            0.001
29843334  12:54:00             workers5                0.044            0.016            0.000            0.000
29843334  12:54:00             workers6                0.050            0.008            0.000            0.000
29843335  12:55:00             master                  0.046            0.011            0.000            0.001
29843335  12:55:00             workers0                0.060            0.014            0.000            0.000
29843335  12:55:00             workers1                0.836            0.657            0.000            0.000
29843335  12:55:00             workers2                0.044            0.010            0.000            0.000
29843335  12:55:00             workers3                0.051            0.020            0.000            0.000
29843335  12:55:00             workers4                0.058            0.017            0.000            0.001
29843335  12:55:00             workers5                0.049            0.019            0.000            0.000
29843335  12:55:00             workers6                0.051            0.009            0.000            0.000
29843336  12:56:00             master                  0.036            0.010            0.000            0.001
29843336  12:56:00             workers0                0.047            0.011            0.000            0.000
29843336  12:56:00             workers1                0.837            0.648            0.000            0.000
29843336  12:56:00             workers2                0.041            0.010            0.000            0.000
29843336  12:56:00             workers3                0.046            0.015            0.000            0.000
29843336  12:56:00             workers4                0.053            0.015            0.000            0.001
29843336  12:56:00             workers5                0.045            0.016            0.000            0.000
29843336  12:56:00             workers6                0.052            0.009            0.000            0.001
29843337  12:57:00             master                  0.035            0.010            0.000            0.001
29843337  12:57:00             workers0                0.049            0.011            0.000            0.000
29843337  12:57:00             workers1                0.829            0.645            0.000            0.000
29843337  12:57:00             workers2                0.043            0.010            0.000            0.000
29843337  12:57:00             workers3                0.050            0.022            0.000            0.000
29843337  12:57:00             workers4                0.063            0.016            0.000            0.002
29843337  12:57:00             workers5                0.047            0.023            0.000            0.000
29843337  12:57:00             workers6                0.047            0.008            0.000            0.000
29843338  12:58:00             master                  0.035            0.010            0.000            0.001
29843338  12:58:00             workers0                0.048            0.011            0.000            0.000
29843338  12:58:00             workers1                0.838            0.639            0.000            0.000
29843338  12:58:00             workers2                0.042            0.010            0.000            0.000
29843338  12:58:00             workers3                0.052            0.017            0.000            0.001
29843338  12:58:00             workers4                0.055            0.016            0.000            0.001
29843338  12:58:00             workers5                0.041            0.015            0.000            0.000
29843338  12:58:00             workers6                0.048            0.009            0.000            0.000
29843339  12:59:00             master                  0.042            0.011            0.000            0.001
29843339  12:59:00             workers0                0.050            0.011            0.000            0.000
29843339  12:59:00             workers1                0.828            0.636            0.000            0.000
29843339  12:59:00             workers2                0.042            0.010            0.000            0.000
29843339  12:59:00             workers3                0.052            0.023            0.000            0.001
29843339  12:59:00             workers4                0.054            0.016            0.000            0.001
29843339  12:59:00             workers5                0.042            0.015            0.000            0.000
29843339  12:59:00             workers6                0.048            0.009            0.000            0.000
29843340  13:00:00             master                  0.035            0.010            0.000            0.001
29843340  13:00:00             workers0                0.051            0.011            0.000            0.000
29843340  13:00:00             workers1                0.828            0.657            0.000            0.000
29843340  13:00:00             workers2                0.048            0.010            0.000            0.000
29843340  13:00:00             workers3                0.046            0.016            0.000            0.000
29843340  13:00:00             workers4                0.057            0.018            0.000            0.001
29843340  13:00:00             workers5                0.043            0.015            0.000            0.000
29843340  13:00:00             workers6                0.080            0.010            0.000            0.004
29843341  13:01:00             master                  0.035            0.010            0.000            0.001
29843341  13:01:00             workers0                0.051            0.011            0.000            0.000
29843341  13:01:00             workers1                0.838            0.653            0.000            0.000
29843341  13:01:00             workers2                0.041            0.010            0.000            0.000
29843341  13:01:00             workers3                0.044            0.015            0.000            0.001
29843341  13:01:00             workers4                0.056            0.016            0.000            0.001
29843341  13:01:00             workers5                0.044            0.015            0.000            0.000
29843341  13:01:00             workers6                0.046            0.008            0.000            0.000
29843342  13:02:00             master                  0.038            0.010            0.000            0.001
29843342  13:02:00             workers0                0.048            0.010            0.000            0.000
29843342  13:02:00             workers1                0.848            0.640            0.000            0.000
29843342  13:02:00             workers2                0.041            0.010            0.000            0.000
29843342  13:02:00             workers3                0.046            0.021            0.000            0.000
29843342  13:02:00             workers4                0.057            0.017            0.000            0.001
29843342  13:02:00             workers5                0.044            0.021            0.000            0.000
29843342  13:02:00             workers6                0.046            0.008            0.000            0.000
29843343  13:03:00             master                  0.038            0.010            0.000            0.001
29843343  13:03:00             workers0                0.047            0.010            0.000            0.000
29843343  13:03:00             workers1                0.827            0.655            0.000            0.000
29843343  13:03:00             workers2                0.042            0.010            0.000            0.000
29843343  13:03:00             workers3                0.044            0.014            0.000            0.001
29843343  13:03:00             workers4                0.054            0.015            0.000            0.001
29843343  13:03:00             workers5                0.047            0.015            0.000            0.000
29843343  13:03:00             workers6                0.047            0.009            0.000            0.000
29843344  13:04:00             master                  0.043            0.011            0.000            0.001
29843344  13:04:00             workers0                0.051            0.011            0.000            0.000
29843344  13:04:00             workers1                0.776            0.618            0.000            0.000
29843344  13:04:00             workers2                0.041            0.010            0.000            0.000
29843344  13:04:00             workers3                0.048            0.025            0.000            0.001
29843344  13:04:00             workers4                0.058            0.017            0.000            0.001
29843344  13:04:00             workers5                0.050            0.026            0.000            0.000
29843344  13:04:00             workers6                0.045            0.008            0.000            0.000
29843345  13:05:00             master                  0.055            0.013            0.000            0.001
29843345  13:05:00             workers0                0.049            0.012            0.000            0.000
29843345  13:05:00             workers1                0.041            0.011            0.000            0.000
29843345  13:05:00             workers2                0.041            0.010            0.000            0.000
29843345  13:05:00             workers3                0.048            0.017            0.000            0.000
29843345  13:05:00             workers4                0.058            0.017            0.000            0.002
29843345  13:05:00             workers5                0.043            0.016            0.000            0.000
29843345  13:05:00             workers6                0.047            0.009            0.000            0.000
29843346  13:06:00             master                  0.036            0.010            0.000            0.001
29843346  13:06:00             workers0                0.061            0.014            0.000            0.000
29843346  13:06:00             workers1                0.039            0.011            0.000            0.000
29843346  13:06:00             workers2                0.042            0.010            0.000            0.000
29843346  13:06:00             workers3                0.046            0.016            0.000            0.001
29843346  13:06:00             workers4                0.055            0.015            0.000            0.002
29843346  13:06:00             workers5                0.043            0.015            0.000            0.000
29843346  13:06:00             workers6                0.045            0.008            0.000            0.000
29843347  13:07:00             master                  0.037            0.010            0.000            0.001
29843347  13:07:00             workers0                0.053            0.012            0.000            0.000
29843347  13:07:00             workers1                0.039            0.011            0.000            0.000
29843347  13:07:00             workers2                0.042            0.010            0.000            0.000
29843347  13:07:00             workers3                0.046            0.014            0.000            0.000
29843347  13:07:00             workers4                0.059            0.017            0.000            0.002
29843347  13:07:00             workers5                0.044            0.016            0.000            0.000
29843347  13:07:00             workers6                0.045            0.008            0.000            0.000
29843348  13:08:00             master                  0.037            0.010            0.000            0.001
29843348  13:08:00             workers0                0.050            0.011            0.000            0.000
29843348  13:08:00             workers1                0.039            0.011            0.000            0.000
29843348  13:08:00             workers2                0.040            0.010            0.000            0.000
29843348  13:08:00             workers3                0.048            0.022            0.000            0.001
29843348  13:08:00             workers4                0.053            0.015            0.000            0.002
29843348  13:08:00             workers5                0.046            0.020            0.000            0.000
29843348  13:08:00             workers6                0.045            0.008            0.000            0.000
29843349  13:09:00             master                  0.044            0.012            0.000            0.001
29843349  13:09:00             workers0                0.049            0.010            0.000            0.000
29843349  13:09:00             workers1                0.039            0.011            0.000            0.000
29843349  13:09:00             workers2                0.041            0.009            0.000            0.000
29843349  13:09:00             workers3                0.050            0.016            0.000            0.001
29843349  13:09:00             workers4                0.055            0.016            0.000            0.002
29843349  13:09:00             workers5                0.043            0.016            0.000            0.000
29843349  13:09:00             workers6                0.049            0.009            0.000            0.000
29843350  13:10:00             master                  0.039            0.011            0.000            0.001
29843350  13:10:00             workers0                0.062            0.013            0.000            0.000
29843350  13:10:00             workers1                0.040            0.012            0.000            0.000
29843350  13:10:00             workers2                0.043            0.010            0.000            0.000
29843350  13:10:00             workers3                0.051            0.019            0.000            0.000
29843350  13:10:00             workers4                0.059            0.017            0.000            0.002
29843350  13:10:00             workers5                0.047            0.021            0.000            0.000
29843350  13:10:00             workers6                0.050            0.009            0.000            0.000
29843351  13:11:00             master                  0.037            0.010            0.000            0.001
29843351  13:11:00             workers0                0.065            0.014            0.000            0.000
29843351  13:11:00             workers1                0.041            0.011            0.000            0.000
29843351  13:11:00             workers2                0.042            0.010            0.000            0.000
29843351  13:11:00             workers3                0.050            0.015            0.000            0.001
29843351  13:11:00             workers4                0.061            0.017            0.000            0.002
29843351  13:11:00             workers5                0.044            0.016            0.000            0.000
29843351  13:11:00             workers6                0.044            0.008            0.000            0.000
29843352  13:12:00             master                  0.037            0.010            0.000            0.001
29843352  13:12:00             workers0                0.067            0.015            0.000            0.000
29843352  13:12:00             workers1                0.040            0.011            0.000            0.000
29843352  13:12:00             workers2                0.040            0.010            0.000            0.000
29843352  13:12:00             workers3                0.049            0.020            0.000            0.000
29843352  13:12:00             workers4                0.058            0.016            0.000            0.001
29843352  13:12:00             workers5                0.044            0.022            0.000            0.000
29843352  13:12:00             workers6                0.047            0.008            0.000            0.000
29843353  13:13:00             master                  0.038            0.010            0.000            0.001
29843353  13:13:00             workers0                0.060            0.013            0.000            0.000
29843353  13:13:00             workers1                0.039            0.010            0.000            0.000
29843353  13:13:00             workers2                0.041            0.010            0.000            0.000
29843353  13:13:00             workers3                0.049            0.015            0.000            0.000
29843353  13:13:00             workers4                0.061            0.017            0.000            0.003
29843353  13:13:00             workers5                0.043            0.016            0.000            0.000
29843353  13:13:00             workers6                0.044            0.008            0.000            0.000
29843354  13:14:00             master                  0.038            0.010            0.000            0.001
29843354  13:14:00             workers0                0.067            0.015            0.000            0.000
29843354  13:14:00             workers1                0.039            0.011            0.000            0.000
29843354  13:14:00             workers2                0.040            0.010            0.000            0.000
29843354  13:14:00             workers3                0.048            0.017            0.000            0.000
29843354  13:14:00             workers4                0.058            0.015            0.000            0.001
29843354  13:14:00             workers5                0.045            0.020            0.000            0.000
29843354  13:14:00             workers6                0.043            0.008            0.000            0.000
29843355  13:15:00             master                  0.038            0.010            0.000            0.001
29843355  13:15:00             workers0                0.049            0.010            0.000            0.000
29843355  13:15:00             workers1                0.039            0.011            0.000            0.000
29843355  13:15:00             workers2                0.039            0.010            0.000            0.000
29843355  13:15:00             workers3                0.048            0.015            0.000            0.000
29843355  13:15:00             workers4                0.055            0.016            0.000            0.001
29843355  13:15:00             workers5                0.042            0.016            0.000            0.000
29843355  13:15:00             workers6                0.049            0.009            0.000            0.000
29843356  13:16:00             master                  0.040            0.010            0.000            0.001
29843356  13:16:00             workers0                0.051            0.011            0.000            0.000
29843356  13:16:00             workers1                0.048            0.015            0.000            0.000
29843356  13:16:00             workers2                0.040            0.010            0.000            0.000
29843356  13:16:00             workers3                0.051            0.020            0.000            0.000
29843356  13:16:00             workers4                0.055            0.016            0.000            0.002
29843356  13:16:00             workers5                0.045            0.021            0.000            0.000
29843356  13:16:00             workers6                0.045            0.008            0.000            0.000
29843357  13:17:00             master                  0.040            0.010            0.000            0.001
29843357  13:17:00             workers0                0.056            0.012            0.000            0.000
29843357  13:17:00             workers1                0.039            0.010            0.000            0.000
29843357  13:17:00             workers2                0.041            0.010            0.000            0.000
29843357  13:17:00             workers3                0.049            0.016            0.000            0.000
29843357  13:17:00             workers4                0.058            0.018            0.000            0.002
29843357  13:17:00             workers5                0.044            0.015            0.000            0.000
29843357  13:17:00             workers6                0.045            0.008            0.000            0.000
29843358  13:18:00             master                  0.040            0.010            0.000            0.001
29843358  13:18:00             workers0                0.052            0.011            0.000            0.000
29843358  13:18:00             workers1                0.039            0.010            0.000            0.000
29843358  13:18:00             workers2                0.040            0.010            0.000            0.000
29843358  13:18:00             workers3                0.048            0.020            0.000            0.000
29843358  13:18:00             workers4                0.057            0.018            0.000            0.002
29843358  13:18:00             workers5                0.046            0.020            0.000            0.000
29843358  13:18:00             workers6                0.044            0.008            0.000            0.000
29843359  13:19:00             master                  0.050            0.012            0.000            0.001
29843359  13:19:00             workers0                0.057            0.011            0.000            0.000
29843359  13:19:00             workers1                0.039            0.010            0.000            0.000
29843359  13:19:00             workers2                0.043            0.010            0.000            0.000
29843359  13:19:00             workers3                0.051            0.015            0.000            0.000
29843359  13:19:00             workers4                0.061            0.018            0.000            0.002
29843359  13:19:00             workers5                0.054            0.019            0.000            0.000
29843359  13:19:00             workers6                0.047            0.008            0.000            0.000
29843360  13:20:00             master                  0.042            0.011            0.000            0.001
29843360  13:20:00             workers0                0.058            0.012            0.000            0.000
29843360  13:20:00             workers1                0.040            0.010            0.000            0.000
29843360  13:20:00             workers2                0.040            0.010            0.000            0.000
29843360  13:20:00             workers3                0.049            0.021            0.000            0.000
29843360  13:20:00             workers4                0.056            0.018            0.000            0.002
29843360  13:20:00             workers5                0.059            0.023            0.000            0.000
29843360  13:20:00             workers6                0.049            0.009            0.000            0.000
29843361  13:21:00             master                  0.041            0.011            0.000            0.001
29843361  13:21:00             workers0                0.061            0.012            0.000            0.000
29843361  13:21:00             workers1                0.038            0.011            0.000            0.000
29843361  13:21:00             workers2                0.041            0.010            0.000            0.000
29843361  13:21:00             workers3                0.048            0.015            0.000            0.000
29843361  13:21:00             workers4                0.058            0.018            0.000            0.002
29843361  13:21:00             workers5                0.058            0.020            0.000            0.000
29843361  13:21:00             workers6                0.124            0.019            0.002            0.015
29843362  13:22:00             master                  0.040            0.010            0.000            0.001
29843362  13:22:00             workers0                0.051            0.010            0.000            0.000
29843362  13:22:00             workers1                0.040            0.012            0.000            0.000
29843362  13:22:00             workers2                0.042            0.010            0.000            0.000
29843362  13:22:00             workers3                0.050            0.022            0.000            0.000
29843362  13:22:00             workers4                0.056            0.017            0.000            0.001
29843362  13:22:00             workers5                0.058            0.025            0.000            0.000
29843362  13:22:00             workers6                0.046            0.008            0.000            0.000
29843363  13:23:00             master                  0.037            0.010            0.000            0.001
29843363  13:23:00             workers0                0.052            0.010            0.000            0.000
29843363  13:23:00             workers1                0.039            0.010            0.000            0.000
29843363  13:23:00             workers2                0.040            0.010            0.000            0.000
29843363  13:23:00             workers3                0.047            0.015            0.000            0.000
29843363  13:23:00             workers4                0.055            0.016            0.000            0.002
29843363  13:23:00             workers5                0.058            0.021            0.000            0.000
29843363  13:23:00             workers6                0.047            0.008            0.000            0.000
29843364  13:24:00             master                  0.039            0.010            0.000            0.001
29843364  13:24:00             workers0                0.052            0.010            0.000            0.000
29843364  13:24:00             workers1                0.039            0.011            0.000            0.000
29843364  13:24:00             workers2                0.040            0.010            0.000            0.000
29843364  13:24:00             workers3                0.050            0.019            0.000            0.000
29843364  13:24:00             workers4                0.056            0.015            0.000            0.002
29843364  13:24:00             workers5                0.058            0.025            0.000            0.000
29843364  13:24:00             workers6                0.047            0.008            0.000            0.001
29843365  13:25:00             master                  0.039            0.010            0.000            0.001
29843365  13:25:00             workers0                0.055            0.011            0.000            0.000
29843365  13:25:00             workers1                0.042            0.011            0.000            0.000
29843365  13:25:00             workers2                0.042            0.010            0.000            0.000
29843365  13:25:00             workers3                0.046            0.016            0.000            0.000
29843365  13:25:00             workers4                0.059            0.017            0.000            0.002
29843365  13:25:00             workers5                0.058            0.027            0.000            0.000
29843365  13:25:00             workers6                0.050            0.009            0.000            0.000
29843366  13:26:00             master                  0.042            0.011            0.000            0.001
29843366  13:26:00             workers0                0.057            0.011            0.000            0.000
29843366  13:26:00             workers1                0.040            0.011            0.000            0.000
29843366  13:26:00             workers2                0.042            0.010            0.000            0.000
29843366  13:26:00             workers3                0.046            0.015            0.000            0.000
29843366  13:26:00             workers4                0.060            0.016            0.000            0.001
29843366  13:26:00             workers5                0.050            0.021            0.000            0.000
29843366  13:26:00             workers6                0.045            0.008            0.000            0.000
29843367  13:27:00             master                  0.040            0.011            0.000            0.001
29843367  13:27:00             workers0                0.055            0.010            0.000            0.000
29843367  13:27:00             workers1                0.039            0.010            0.000            0.000
29843367  13:27:00             workers2                0.041            0.010            0.000            0.000
29843367  13:27:00             workers3                0.047            0.015            0.000            0.000
29843367  13:27:00             workers4                0.059            0.017            0.000            0.002
29843367  13:27:00             workers5                0.052            0.021            0.000            0.000
29843367  13:27:00             workers6                0.046            0.008            0.000            0.000
29843368  13:28:00             master                  0.038            0.010            0.000            0.001
29843368  13:28:00             workers0                0.052            0.010            0.000            0.000
29843368  13:28:00             workers1                0.038            0.011            0.000            0.000
29843368  13:28:00             workers2                0.039            0.009            0.000            0.000
29843368  13:28:00             workers3                0.050            0.022            0.000            0.000
29843368  13:28:00             workers4                0.055            0.016            0.000            0.001
29843368  13:28:00             workers5                0.111            0.023            0.000            0.005
29843368  13:28:00             workers6                0.045            0.008            0.000            0.000
29843369  13:29:00             master                  0.071            0.015            0.000            0.001
29843369  13:29:00             workers0                0.061            0.013            0.000            0.000
29843369  13:29:00             workers1                0.115            0.038            0.000            0.000
29843369  13:29:00             workers2                0.040            0.010            0.000            0.000
29843369  13:29:00             workers3                0.051            0.017            0.000            0.000
29843369  13:29:00             workers4                0.056            0.018            0.000            0.001
29843369  13:29:00             workers5                0.060            0.018            0.000            0.000
29843369  13:29:00             workers6                0.049            0.009            0.000            0.000
29843370  13:30:00             master                  0.037            0.010            0.000            0.001
29843370  13:30:00             workers0                0.053            0.011            0.000            0.000
29843370  13:30:00             workers1                0.837            0.617            0.000            0.000
29843370  13:30:00             workers2                0.039            0.009            0.000            0.000
29843370  13:30:00             workers3                0.048            0.019            0.000            0.000
29843370  13:30:00             workers4                0.055            0.017            0.000            0.001
29843370  13:30:00             workers5                0.055            0.023            0.000            0.000
29843370  13:30:00             workers6                0.048            0.009            0.000            0.000
29843371  13:31:00             master                  0.036            0.009            0.000            0.001
29843371  13:31:00             workers0                0.058            0.012            0.000            0.000
29843371  13:31:00             workers1                0.838            0.630            0.000            0.000
29843371  13:31:00             workers2                0.045            0.011            0.000            0.000
29843371  13:31:00             workers3                0.048            0.016            0.000            0.000
29843371  13:31:00             workers4                0.061            0.018            0.000            0.001
29843371  13:31:00             workers5                0.048            0.017            0.000            0.000
29843371  13:31:00             workers6                0.045            0.008            0.000            0.000
29843372  13:32:00             master                  0.038            0.010            0.000            0.001
29843372  13:32:00             workers0                0.053            0.011            0.000            0.000
29843372  13:32:00             workers1                0.833            0.625            0.000            0.000
29843372  13:32:00             workers2                0.042            0.010            0.000            0.000
29843372  13:32:00             workers3                0.047            0.017            0.000            0.001
29843372  13:32:00             workers4                0.060            0.018            0.000            0.001
29843372  13:32:00             workers5                0.050            0.017            0.000            0.000
29843372  13:32:00             workers6                0.046            0.008            0.000            0.000
29843373  13:33:00             master                  0.040            0.011            0.000            0.001
29843373  13:33:00             workers0                0.060            0.013            0.000            0.000
29843373  13:33:00             workers1                0.846            0.653            0.000            0.000
29843373  13:33:00             workers2                0.042            0.010            0.000            0.000
29843373  13:33:00             workers3                0.048            0.017            0.000            0.001
29843373  13:33:00             workers4                0.054            0.016            0.000            0.001
29843373  13:33:00             workers5                0.053            0.024            0.000            0.000
29843373  13:33:00             workers6                0.047            0.008            0.000            0.000
29843374  13:34:00             master                  0.045            0.011            0.000            0.001
29843374  13:34:00             workers0                0.057            0.011            0.000            0.000
29843374  13:34:00             workers1                0.823            0.622            0.000            0.000
29843374  13:34:00             workers2                0.042            0.010            0.000            0.000
29843374  13:34:00             workers3                0.050            0.018            0.000            0.000
29843374  13:34:00             workers4                0.059            0.017            0.000            0.001
29843374  13:34:00             workers5                0.045            0.015            0.000            0.000
29843374  13:34:00             workers6                0.049            0.009            0.000            0.000
29843375  13:35:00             master                  0.037            0.010            0.000            0.001
29843375  13:35:00             workers0                0.058            0.011            0.000            0.000
29843375  13:35:00             workers1                0.823            0.640            0.000            0.000
29843375  13:35:00             workers2                0.040            0.010            0.000            0.000
29843375  13:35:00             workers3                0.049            0.021            0.000            0.001
29843375  13:35:00             workers4                0.058            0.017            0.000            0.002
29843375  13:35:00             workers5                0.047            0.021            0.000            0.000
29843375  13:35:00             workers6                0.047            0.009            0.000            0.000
29843376  13:36:00             master                  0.037            0.010            0.000            0.001
29843376  13:36:00             workers0                0.056            0.011            0.000            0.000
29843376  13:36:00             workers1                0.852            0.680            0.000            0.000
29843376  13:36:00             workers2                0.042            0.010            0.000            0.000
29843376  13:36:00             workers3                0.048            0.015            0.000            0.000
29843376  13:36:00             workers4                0.057            0.017            0.000            0.002
29843376  13:36:00             workers5                0.045            0.017            0.000            0.000
29843376  13:36:00             workers6                0.048            0.008            0.000            0.000
29843377  13:37:00             master                  0.038            0.010            0.000            0.001
29843377  13:37:00             workers0                0.058            0.011            0.000            0.000
29843377  13:37:00             workers1                0.825            0.644            0.000            0.000
29843377  13:37:00             workers2                0.041            0.009            0.000            0.000
29843377  13:37:00             workers3                0.050            0.020            0.000            0.001
29843377  13:37:00             workers4                0.059            0.016            0.000            0.001
29843377  13:37:00             workers5                0.049            0.021            0.000            0.000
29843377  13:37:00             workers6                0.045            0.009            0.000            0.000
29843378  13:38:00             master                  0.041            0.010            0.000            0.001
29843378  13:38:00             workers0                0.061            0.012            0.000            0.000
29843378  13:38:00             workers1                0.829            0.636            0.000            0.000
29843378  13:38:00             workers2                0.042            0.010            0.000            0.000
29843378  13:38:00             workers3                0.051            0.017            0.000            0.001
29843378  13:38:00             workers4                0.058            0.017            0.000            0.002
29843378  13:38:00             workers5                0.046            0.016            0.000            0.000
29843378  13:38:00             workers6                0.048            0.009            0.000            0.000
29843379  13:39:00             master                  0.048            0.011            0.000            0.001
29843379  13:39:00             workers0                0.061            0.012            0.000            0.000
29843379  13:39:00             workers1                0.824            0.670            0.000            0.000
29843379  13:39:00             workers2                0.042            0.011            0.000            0.000
29843379  13:39:00             workers3                0.052            0.022            0.000            0.000
29843379  13:39:00             workers4                0.059            0.016            0.000            0.001
29843379  13:39:00             workers5                0.048            0.019            0.000            0.000
29843379  13:39:00             workers6                0.052            0.009            0.000            0.001
29843380  13:40:00             master                  0.051            0.012            0.000            0.001
29843380  13:40:00             workers0                0.060            0.011            0.000            0.000
29843380  13:40:00             workers1                0.846            0.648            0.000            0.000
29843380  13:40:00             workers2                0.042            0.010            0.000            0.000
29843380  13:40:00             workers3                0.048            0.016            0.000            0.000
29843380  13:40:00             workers4                0.061            0.017            0.000            0.002
29843380  13:40:00             workers5                0.049            0.016            0.000            0.000
29843380  13:40:00             workers6                0.056            0.010            0.000            0.000
29843381  13:41:00             master                  0.037            0.010            0.000            0.001
29843381  13:41:00             workers0                0.057            0.011            0.000            0.000
29843381  13:41:00             workers1                0.835            0.640            0.000            0.000
29843381  13:41:00             workers2                0.042            0.010            0.000            0.000
29843381  13:41:00             workers3                0.049            0.022            0.000            0.000
29843381  13:41:00             workers4                0.058            0.017            0.000            0.001
29843381  13:41:00             workers5                0.045            0.017            0.000            0.000
29843381  13:41:00             workers6                0.048            0.009            0.000            0.000
29843382  13:42:00             master                  0.038            0.011            0.000            0.001
29843382  13:42:00             workers0                0.060            0.012            0.000            0.000
29843382  13:42:00             workers1                0.819            0.653            0.000            0.000
29843382  13:42:00             workers2                0.042            0.010            0.000            0.000
29843382  13:42:00             workers3                0.048            0.016            0.000            0.000
29843382  13:42:00             workers4                0.060            0.017            0.000            0.001
29843382  13:42:00             workers5                0.045            0.016            0.000            0.000
29843382  13:42:00             workers6                0.048            0.009            0.000            0.000
29843383  13:43:00             master                  0.038            0.010            0.000            0.001
29843383  13:43:00             workers0                0.061            0.012            0.000            0.000
29843383  13:43:00             workers1                0.822            0.653            0.000            0.000
29843383  13:43:00             workers2                0.044            0.010            0.000            0.000
29843383  13:43:00             workers3                0.049            0.016            0.000            0.000
29843383  13:43:00             workers4                0.059            0.017            0.000            0.002
29843383  13:43:00             workers5                0.045            0.016            0.000            0.000
29843383  13:43:00             workers6                0.049            0.009            0.000            0.000
29843384  13:44:00             master                  0.043            0.010            0.000            0.001
29843384  13:44:00             workers0                0.070            0.013            0.000            0.000
29843384  13:44:00             workers1                0.834            0.646            0.000            0.000
29843384  13:44:00             workers2                0.045            0.010            0.000            0.000
29843384  13:44:00             workers3                0.054            0.021            0.000            0.000
29843384  13:44:00             workers4                0.062            0.018            0.000            0.001
29843384  13:44:00             workers5                0.049            0.021            0.000            0.000
29843384  13:44:00             workers6                0.051            0.008            0.000            0.000
29843385  13:45:00             master                  0.039            0.010            0.000            0.001
29843385  13:45:00             workers0                0.061            0.012            0.000            0.000
29843385  13:45:00             workers1                0.825            0.658            0.000            0.000
29843385  13:45:00             workers2                0.042            0.010            0.000            0.000
29843385  13:45:00             workers3                0.047            0.015            0.000            0.000
29843385  13:45:00             workers4                0.056            0.016            0.000            0.002
29843385  13:45:00             workers5                0.046            0.016            0.000            0.000
29843385  13:45:00             workers6                0.052            0.009            0.000            0.000
29843386  13:46:00             master                  0.041            0.011            0.000            0.001
29843386  13:46:00             workers0                0.060            0.012            0.000            0.000
29843386  13:46:00             workers1                0.832            0.660            0.000            0.000
29843386  13:46:00             workers2                0.041            0.010            0.000            0.000
29843386  13:46:00             workers3                0.052            0.027            0.000            0.000
29843386  13:46:00             workers4                0.055            0.017            0.000            0.001
29843386  13:46:00             workers5                0.050            0.027            0.000            0.000
29843386  13:46:00             workers6                0.051            0.009            0.000            0.001
29843387  13:47:00             master                  0.037            0.011            0.000            0.001
29843387  13:47:00             workers0                0.066            0.013            0.000            0.000
29843387  13:47:00             workers1                0.827            0.649            0.000            0.000
29843387  13:47:00             workers2                0.043            0.010            0.000            0.000
29843387  13:47:00             workers3                0.049            0.014            0.000            0.000
29843387  13:47:00             workers4                0.057            0.019            0.000            0.001
29843387  13:47:00             workers5                0.046            0.017            0.000            0.000
29843387  13:47:00             workers6                0.047            0.008            0.000            0.001
29843388  13:48:00             master                  0.036            0.010            0.000            0.001
29843388  13:48:00             workers0                0.078            0.016            0.000            0.000
29843388  13:48:00             workers1                0.831            0.656            0.000            0.000
29843388  13:48:00             workers2                0.042            0.010            0.000            0.000
29843388  13:48:00             workers3                0.047            0.016            0.000            0.000
29843388  13:48:00             workers4                0.060            0.016            0.000            0.002
29843388  13:48:00             workers5                0.046            0.016            0.000            0.000
29843388  13:48:00             workers6                0.048            0.008            0.000            0.000
29843389  13:49:00             master                  0.042            0.011            0.000            0.001
29843389  13:49:00             workers0                0.090            0.026            0.000            0.000
29843389  13:49:00             workers1                0.674            0.521            0.000            0.000
29843389  13:49:00             workers2                0.043            0.010            0.000            0.000
29843389  13:49:00             workers3                0.047            0.015            0.000            0.000
29843389  13:49:00             workers4                0.064            0.018            0.000            0.002
29843389  13:49:00             workers5                0.050            0.016            0.000            0.001
29843389  13:49:00             workers6                0.047            0.008            0.000            0.000
29843390  13:50:00             master                  0.058            0.013            0.000            0.001
29843390  13:50:00             workers0                0.079            0.015            0.000            0.000
29843390  13:50:00             workers1                0.037            0.011            0.000            0.000
29843390  13:50:00             workers2                0.043            0.010            0.000            0.000
29843390  13:50:00             workers3                0.057            0.023            0.000            0.000
29843390  13:50:00             workers4                0.060            0.018            0.000            0.002
29843390  13:50:00             workers5                0.047            0.022            0.000            0.000
29843390  13:50:00             workers6                0.052            0.009            0.000            0.000
29843391  13:51:00             master                  0.037            0.010            0.000            0.001
29843391  13:51:00             workers0                0.071            0.013            0.000            0.000
29843391  13:51:00             workers1                0.035            0.009            0.000            0.000
29843391  13:51:00             workers2                0.042            0.010            0.000            0.000
29843391  13:51:00             workers3                0.047            0.015            0.000            0.000
29843391  13:51:00             workers4                0.062            0.016            0.000            0.002
29843391  13:51:00             workers5                0.045            0.017            0.000            0.000
29843391  13:51:00             workers6                0.046            0.008            0.000            0.000
29843392  13:52:00             master                  0.037            0.010            0.000            0.001
29843392  13:52:00             workers0                0.070            0.014            0.000            0.000
29843392  13:52:00             workers1                0.035            0.009            0.000            0.000
29843392  13:52:00             workers2                0.040            0.009            0.000            0.000
29843392  13:52:00             workers3                0.047            0.020            0.000            0.000
29843392  13:52:00             workers4                0.060            0.017            0.000            0.002
29843392  13:52:00             workers5                0.049            0.018            0.000            0.000
29843392  13:52:00             workers6                0.047            0.009            0.000            0.000
29843393  13:53:00             master                  0.037            0.010            0.000            0.001
29843393  13:53:00             workers0                0.083            0.017            0.000            0.000
29843393  13:53:00             workers1                0.034            0.009            0.000            0.000
29843393  13:53:00             workers2                0.041            0.010            0.000            0.000
29843393  13:53:00             workers3                0.044            0.015            0.000            0.001
29843393  13:53:00             workers4                0.057            0.016            0.000            0.002
29843393  13:53:00             workers5                0.044            0.016            0.000            0.000
29843393  13:53:00             workers6                0.143            0.024            0.002            0.011
29843394  13:54:00             master                  0.036            0.010            0.000            0.001
29843394  13:54:00             workers0                0.091            0.018            0.000            0.000
29843394  13:54:00             workers1                0.033            0.009            0.000            0.000
29843394  13:54:00             workers2                0.041            0.010            0.000            0.000
29843394  13:54:00             workers3                0.046            0.021            0.000            0.001
29843394  13:54:00             workers4                0.061            0.016            0.000            0.002
29843394  13:54:00             workers5                0.047            0.022            0.000            0.000
29843394  13:54:00             workers6                0.047            0.008            0.000            0.000
29843395  13:55:00             master                  0.037            0.010            0.000            0.001
29843395  13:55:00             workers0                0.092            0.019            0.000            0.000
29843395  13:55:00             workers1                0.033            0.009            0.000            0.000
29843395  13:55:00             workers2                0.042            0.010            0.000            0.000
29843395  13:55:00             workers3                0.044            0.015            0.000            0.000
29843395  13:55:00             workers4                0.060            0.017            0.000            0.002
29843395  13:55:00             workers5                0.044            0.016            0.000            0.000
29843395  13:55:00             workers6                0.048            0.009            0.000            0.000
29843396  13:56:00             master                  0.038            0.011            0.000            0.001
29843396  13:56:00             workers0                0.087            0.017            0.000            0.000
29843396  13:56:00             workers1                0.042            0.017            0.000            0.000
29843396  13:56:00             workers2                0.041            0.010            0.000            0.000
29843396  13:56:00             workers3                0.047            0.021            0.000            0.000
29843396  13:56:00             workers4                0.061            0.016            0.000            0.002
29843396  13:56:00             workers5                0.045            0.022            0.000            0.000
29843396  13:56:00             workers6                0.048            0.008            0.000            0.000
29843397  13:57:00             master                  0.041            0.010            0.000            0.001
29843397  13:57:00             workers0                0.091            0.019            0.000            0.000
29843397  13:57:00             workers1                0.033            0.009            0.000            0.000
29843397  13:57:00             workers2                0.041            0.010            0.000            0.000
29843397  13:57:00             workers3                0.044            0.015            0.000            0.000
29843397  13:57:00             workers4                0.061            0.017            0.000            0.002
29843397  13:57:00             workers5                0.044            0.015            0.000            0.000
29843397  13:57:00             workers6                0.043            0.008            0.000            0.000
29843398  13:58:00             master                  0.042            0.011            0.000            0.001
29843398  13:58:00             workers0                0.098            0.019            0.000            0.000
29843398  13:58:00             workers1                0.034            0.009            0.000            0.000
29843398  13:58:00             workers2                0.042            0.010            0.000            0.000
29843398  13:58:00             workers3                0.047            0.021            0.000            0.000
29843398  13:58:00             workers4                0.063            0.018            0.000            0.002
29843398  13:58:00             workers5                0.045            0.023            0.000            0.000
29843398  13:58:00             workers6                0.051            0.008            0.000            0.001
29843399  13:59:00             master                  0.047            0.012            0.000            0.001
29843399  13:59:00             workers0                0.098            0.020            0.000            0.000
29843399  13:59:00             workers1                0.036            0.009            0.000            0.000
29843399  13:59:00             workers2                0.042            0.010            0.000            0.000
29843399  13:59:00             workers3                0.047            0.015            0.000            0.001
29843399  13:59:00             workers4                0.063            0.017            0.000            0.002
29843399  13:59:00             workers5                0.042            0.015            0.000            0.000
29843399  13:59:00             workers6                0.048            0.008            0.000            0.000
29843400  14:00:00             master                  0.039            0.011            0.000            0.001
29843400  14:00:00             workers0                0.097            0.020            0.000            0.000
29843400  14:00:00             workers1                0.035            0.010            0.000            0.000
29843400  14:00:00             workers2                0.042            0.011            0.000            0.000
29843400  14:00:00             workers3                0.048            0.022            0.000            0.000
29843400  14:00:00             workers4                0.060            0.015            0.000            0.002
29843400  14:00:00             workers5                0.045            0.022            0.000            0.000
29843400  14:00:00             workers6                0.049            0.009            0.000            0.000
29843401  14:01:00             master                  0.038            0.010            0.000            0.001
29843401  14:01:00             workers0                0.107            0.024            0.000            0.000
29843401  14:01:00             workers1                0.034            0.009            0.000            0.000
29843401  14:01:00             workers2                0.045            0.010            0.000            0.000
29843401  14:01:00             workers3                0.046            0.014            0.000            0.001
29843401  14:01:00             workers4                0.064            0.016            0.000            0.002
29843401  14:01:00             workers5                0.043            0.014            0.000            0.000
29843401  14:01:00             workers6                0.046            0.008            0.000            0.000
29843402  14:02:00             master                  0.037            0.010            0.000            0.001
29843402  14:02:00             workers0                0.086            0.018            0.000            0.000
29843402  14:02:00             workers1                0.033            0.009            0.000            0.000
29843402  14:02:00             workers2                0.040            0.009            0.000            0.000
29843402  14:02:00             workers3                0.049            0.021            0.000            0.000
29843402  14:02:00             workers4                0.058            0.017            0.000            0.002
29843402  14:02:00             workers5                0.042            0.019            0.000            0.000
29843402  14:02:00             workers6                0.049            0.010            0.000            0.000
29843403  14:03:00             master                  0.041            0.010            0.000            0.001
29843403  14:03:00             workers0                0.078            0.016            0.000            0.000
29843403  14:03:00             workers1                0.035            0.009            0.000            0.000
29843403  14:03:00             workers2                0.041            0.010            0.000            0.000
29843403  14:03:00             workers3                0.047            0.016            0.000            0.001
29843403  14:03:00             workers4                0.060            0.017            0.000            0.002
29843403  14:03:00             workers5                0.044            0.015            0.000            0.000
29843403  14:03:00             workers6                0.047            0.009            0.000            0.000
29843404  14:04:00             master                  0.040            0.010            0.000            0.001
29843404  14:04:00             workers0                0.105            0.022            0.000            0.000
29843404  14:04:00             workers1                0.033            0.009            0.000            0.000
29843404  14:04:00             workers2                0.040            0.009            0.000            0.000
29843404  14:04:00             workers3                0.050            0.020            0.000            0.000
29843404  14:04:00             workers4                0.061            0.017            0.000            0.002
29843404  14:04:00             workers5                0.047            0.020            0.000            0.000
29843404  14:04:00             workers6                0.046            0.008            0.000            0.000
29843405  14:05:00             master                  0.040            0.010            0.000            0.001
29843405  14:05:00             workers0                0.113            0.024            0.000            0.000
29843405  14:05:00             workers1                0.035            0.009            0.000            0.000
29843405  14:05:00             workers2                0.043            0.010            0.000            0.000
29843405  14:05:00             workers3                0.052            0.022            0.000            0.001
29843405  14:05:00             workers4                0.063            0.016            0.000            0.002
29843405  14:05:00             workers5                0.048            0.019            0.000            0.000
29843405  14:05:00             workers6                0.050            0.009            0.000            0.000
29843406  14:06:00             master                  0.040            0.010            0.000            0.001
29843406  14:06:00             workers0                0.095            0.020            0.000            0.000
29843406  14:06:00             workers1                0.034            0.009            0.000            0.000
29843406  14:06:00             workers2                0.044            0.011            0.000            0.000
29843406  14:06:00             workers3                0.049            0.017            0.000            0.001
29843406  14:06:00             workers4                0.063            0.019            0.000            0.002
29843406  14:06:00             workers5                0.043            0.014            0.000            0.000
29843406  14:06:00             workers6                0.049            0.009            0.000            0.000
29843407  14:07:00             master                  0.037            0.010            0.000            0.001
29843407  14:07:00             workers0                0.101            0.020            0.000            0.000
29843407  14:07:00             workers1                0.034            0.008            0.000            0.000
29843407  14:07:00             workers2                0.044            0.010            0.000            0.000
29843407  14:07:00             workers3                0.053            0.021            0.000            0.001
29843407  14:07:00             workers4                0.068            0.018            0.000            0.002
29843407  14:07:00             workers5                0.045            0.020            0.000            0.000
29843407  14:07:00             workers6                0.049            0.009            0.000            0.000
29843408  14:08:00             master                  0.041            0.011            0.000            0.001
29843408  14:08:00             workers0                0.110            0.025            0.000            0.000
29843408  14:08:00             workers1                0.035            0.009            0.000            0.000
29843408  14:08:00             workers2                0.045            0.010            0.000            0.000
29843408  14:08:00             workers3                0.050            0.018            0.000            0.001
29843408  14:08:00             workers4                0.062            0.016            0.000            0.001
29843408  14:08:00             workers5                0.044            0.016            0.000            0.000
29843408  14:08:00             workers6                0.045            0.008            0.000            0.000
29843409  14:09:00             master                  0.047            0.011            0.000            0.001
29843409  14:09:00             workers0                0.111            0.022            0.000            0.000
29843409  14:09:00             workers1                0.033            0.009            0.000            0.000
29843409  14:09:00             workers2                0.042            0.010            0.000            0.000
29843409  14:09:00             workers3                0.051            0.016            0.000            0.000
29843409  14:09:00             workers4                0.062            0.018            0.000            0.002
29843409  14:09:00             workers5                0.044            0.019            0.000            0.000
29843409  14:09:00             workers6                0.049            0.009            0.000            0.000
29843410  14:10:00             master                  0.039            0.010            0.000            0.001
29843410  14:10:00             workers0                0.108            0.022            0.000            0.000
29843410  14:10:00             workers1                0.035            0.009            0.000            0.000
29843410  14:10:00             workers2                0.042            0.010            0.000            0.000
29843410  14:10:00             workers3                0.047            0.016            0.000            0.001
29843410  14:10:00             workers4                0.061            0.016            0.000            0.002
29843410  14:10:00             workers5                0.043            0.015            0.000            0.000
29843410  14:10:00             workers6                0.050            0.009            0.000            0.000
29843411  14:11:00             master                  0.038            0.010            0.000            0.001
29843411  14:11:00             workers0                0.108            0.021            0.000            0.000
29843411  14:11:00             workers1                0.034            0.010            0.000            0.000
29843411  14:11:00             workers2                0.041            0.010            0.000            0.000
29843411  14:11:00             workers3                0.050            0.021            0.000            0.000
29843411  14:11:00             workers4                0.063            0.016            0.000            0.002
29843411  14:11:00             workers5                0.047            0.021            0.000            0.000
29843411  14:11:00             workers6                0.045            0.008            0.000            0.000
29843412  14:12:00             master                  0.040            0.010            0.000            0.001
29843412  14:12:00             workers0                0.108            0.021            0.000            0.000
29843412  14:12:00             workers1                0.035            0.010            0.000            0.000
29843412  14:12:00             workers2                0.041            0.010            0.000            0.000
29843412  14:12:00             workers3                0.048            0.017            0.000            0.001
29843412  14:12:00             workers4                0.066            0.017            0.000            0.002
29843412  14:12:00             workers5                0.043            0.017            0.000            0.000
29843412  14:12:00             workers6                0.050            0.009            0.000            0.000
29843413  14:13:00             master                  0.039            0.010            0.000            0.001
29843413  14:13:00             workers0                0.083            0.018            0.000            0.000
29843413  14:13:00             workers1                0.034            0.008            0.000            0.000
29843413  14:13:00             workers2                0.042            0.011            0.000            0.000
29843413  14:13:00             workers3                0.049            0.021            0.000            0.001
29843413  14:13:00             workers4                0.063            0.017            0.000            0.002
29843413  14:13:00             workers5                0.045            0.022            0.000            0.000
29843413  14:13:00             workers6                0.051            0.009            0.000            0.000
29843414  14:14:00             master                  0.071            0.016            0.000            0.001
29843414  14:14:00             workers0                0.094            0.017            0.000            0.000
29843414  14:14:00             workers1                0.127            0.035            0.000            0.000
29843414  14:14:00             workers2                0.046            0.011            0.000            0.000
29843414  14:14:00             workers3                0.051            0.016            0.000            0.001
29843414  14:14:00             workers4                0.065            0.018            0.000            0.002
29843414  14:14:00             workers5                0.047            0.016            0.000            0.000
29843414  14:14:00             workers6                0.050            0.009            0.000            0.000
29843415  14:15:00             master                  0.040            0.011            0.000            0.001
29843415  14:15:00             workers0                0.112            0.024            0.000            0.000
29843415  14:15:00             workers1                0.832            0.612            0.000            0.000
29843415  14:15:00             workers2                0.043            0.010            0.000            0.000
29843415  14:15:00             workers3                0.050            0.023            0.000            0.001
29843415  14:15:00             workers4                0.062            0.017            0.000            0.002
29843415  14:15:00             workers5                0.050            0.023            0.000            0.000
29843415  14:15:00             workers6                0.048            0.009            0.000            0.000
29843416  14:16:00             master                  0.040            0.011            0.000            0.001
29843416  14:16:00             workers0                0.119            0.027            0.000            0.000
29843416  14:16:00             workers1                0.837            0.650            0.000            0.000
29843416  14:16:00             workers2                0.044            0.011            0.000            0.000
29843416  14:16:00             workers3                0.047            0.016            0.000            0.001
29843416  14:16:00             workers4                0.062            0.017            0.000            0.001
29843416  14:16:00             workers5                0.047            0.016            0.000            0.000
29843416  14:16:00             workers6                0.046            0.008            0.000            0.000
29843417  14:17:00             master                  0.039            0.010            0.000            0.001
29843417  14:17:00             workers0                0.125            0.029            0.000            0.000
29843417  14:17:00             workers1                0.838            0.653            0.000            0.000
29843417  14:17:00             workers2                0.044            0.010            0.000            0.000
29843417  14:17:00             workers3                0.050            0.021            0.000            0.000
29843417  14:17:00             workers4                0.062            0.016            0.000            0.002
29843417  14:17:00             workers5                0.055            0.023            0.000            0.000
29843417  14:17:00             workers6                0.046            0.008            0.000            0.000
29843418  14:18:00             master                  0.040            0.011            0.000            0.001
29843418  14:18:00             workers0                0.108            0.022            0.000            0.000
29843418  14:18:00             workers1                0.828            0.647            0.000            0.000
29843418  14:18:00             workers2                0.042            0.010            0.000            0.000
29843418  14:18:00             workers3                0.049            0.017            0.000            0.001
29843418  14:18:00             workers4                0.065            0.017            0.000            0.001
29843418  14:18:00             workers5                0.059            0.021            0.000            0.000
29843418  14:18:00             workers6                0.048            0.008            0.000            0.000
29843419  14:19:00             master                  0.048            0.012            0.000            0.001
29843419  14:19:00             workers0                0.096            0.019            0.000            0.000
29843419  14:19:00             workers1                0.826            0.643            0.000            0.000
29843419  14:19:00             workers2                0.043            0.010            0.000            0.000
29843419  14:19:00             workers3                0.050            0.016            0.000            0.001
29843419  14:19:00             workers4                0.064            0.017            0.000            0.002
29843419  14:19:00             workers5                0.059            0.021            0.000            0.000
29843419  14:19:00             workers6                0.049            0.008            0.000            0.000
29843420  14:20:00             master                  0.039            0.010            0.000            0.001
29843420  14:20:00             workers0                0.115            0.026            0.000            0.000
29843420  14:20:00             workers1                0.835            0.632            0.000            0.000
29843420  14:20:00             workers2                0.043            0.010            0.000            0.000
29843420  14:20:00             workers3                0.048            0.017            0.000            0.000
29843420  14:20:00             workers4                0.061            0.016            0.000            0.002
29843420  14:20:00             workers5                0.060            0.026            0.000            0.000
29843420  14:20:00             workers6                0.051            0.009            0.000            0.000
29843421  14:21:00             master                  0.040            0.011            0.000            0.001
29843421  14:21:00             workers0                0.109            0.026            0.000            0.000
29843421  14:21:00             workers1                0.833            0.643            0.000            0.000
29843421  14:21:00             workers2                0.044            0.010            0.000            0.000
29843421  14:21:00             workers3                0.046            0.017            0.000            0.001
29843421  14:21:00             workers4                0.059            0.018            0.000            0.001
29843421  14:21:00             workers5                0.054            0.020            0.000            0.000
29843421  14:21:00             workers6                0.049            0.009            0.000            0.000
29843422  14:22:00             master                  0.040            0.011            0.000            0.001
29843422  14:22:00             workers0                0.119            0.026            0.000            0.000
29843422  14:22:00             workers1                0.849            0.664            0.000            0.000
29843422  14:22:00             workers2                0.044            0.010            0.000            0.000
29843422  14:22:00             workers3                0.047            0.018            0.000            0.001
29843422  14:22:00             workers4                0.061            0.017            0.000            0.001
29843422  14:22:00             workers5                0.063            0.027            0.000            0.002
29843422  14:22:00             workers6                0.049            0.009            0.000            0.000
29843423  14:23:00             master                  0.038            0.010            0.000            0.001
29843423  14:23:00             workers0                0.096            0.018            0.000            0.000
29843423  14:23:00             workers1                0.828            0.655            0.000            0.000
29843423  14:23:00             workers2                0.042            0.010            0.000            0.000
29843423  14:23:00             workers3                0.046            0.014            0.000            0.000
29843423  14:23:00             workers4                0.059            0.016            0.000            0.001
29843423  14:23:00             workers5                0.059            0.021            0.000            0.000
29843423  14:23:00             workers6                0.048            0.009            0.000            0.000
29843424  14:24:00             master                  0.050            0.012            0.000            0.001
29843424  14:24:00             workers0                0.100            0.020            0.000            0.000
29843424  14:24:00             workers1                0.816            0.647            0.000            0.000
29843424  14:24:00             workers2                0.043            0.010            0.000            0.000
29843424  14:24:00             workers3                0.053            0.020            0.000            0.001
29843424  14:24:00             workers4                0.059            0.017            0.000            0.001
29843424  14:24:00             workers5                0.055            0.025            0.000            0.000
29843424  14:24:00             workers6                0.053            0.010            0.000            0.000
29843425  14:25:00             master                  0.052            0.012            0.000            0.001
29843425  14:25:00             workers0                0.121            0.030            0.000            0.000
29843425  14:25:00             workers1                0.832            0.646            0.000            0.000
29843425  14:25:00             workers2                0.044            0.011            0.000            0.000
29843425  14:25:00             workers3                0.050            0.015            0.000            0.000
29843425  14:25:00             workers4                0.061            0.017            0.000            0.001
29843425  14:25:00             workers5                0.054            0.020            0.000            0.000
29843425  14:25:00             workers6                0.054            0.009            0.000            0.001
29843426  14:26:00             master                  0.040            0.010            0.000            0.001
29843426  14:26:00             workers0                0.132            0.030            0.000            0.000
29843426  14:26:00             workers1                0.823            0.666            0.000            0.000
29843426  14:26:00             workers2                0.045            0.011            0.000            0.000
29843426  14:26:00             workers3                0.051            0.022            0.000            0.001
29843426  14:26:00             workers4                0.063            0.017            0.000            0.001
29843426  14:26:00             workers5                0.057            0.024            0.000            0.000
29843426  14:26:00             workers6                0.045            0.008            0.000            0.000
29843427  14:27:00             master                  0.040            0.010            0.000            0.001
29843427  14:27:00             workers0                0.113            0.025            0.000            0.000
29843427  14:27:00             workers1                0.850            0.653            0.000            0.000
29843427  14:27:00             workers2                0.042            0.010            0.000            0.000
29843427  14:27:00             workers3                0.049            0.022            0.000            0.001
29843427  14:27:00             workers4                0.057            0.015            0.000            0.001
29843427  14:27:00             workers5                0.055            0.026            0.000            0.000
29843427  14:27:00             workers6                0.045            0.008            0.000            0.000
29843428  14:28:00             master                  0.040            0.010            0.000            0.001
29843428  14:28:00             workers0                0.113            0.023            0.000            0.000
29843428  14:28:00             workers1                0.834            0.635            0.000            0.000
29843428  14:28:00             workers2                0.043            0.010            0.000            0.000
29843428  14:28:00             workers3                0.046            0.014            0.000            0.000
29843428  14:28:00             workers4                0.059            0.016            0.000            0.002
29843428  14:28:00             workers5                0.054            0.020            0.000            0.000
29843428  14:28:00             workers6                0.048            0.009            0.000            0.000
29843429  14:29:00             master                  0.048            0.011            0.000            0.001
29843429  14:29:00             workers0                0.096            0.020            0.000            0.000
29843429  14:29:00             workers1                0.831            0.639            0.000            0.000
29843429  14:29:00             workers2                0.043            0.010            0.000            0.000
29843429  14:29:00             workers3                0.051            0.020            0.000            0.000
29843429  14:29:00             workers4                0.059            0.017            0.000            0.001
29843429  14:29:00             workers5                0.058            0.029            0.000            0.000
29843429  14:29:00             workers6                0.048            0.008            0.000            0.000
29843430  14:30:00             master                  0.041            0.011            0.000            0.001
29843430  14:30:00             workers0                0.096            0.019            0.000            0.000
29843430  14:30:00             workers1                0.832            0.647            0.000            0.000
29843430  14:30:00             workers2                0.043            0.010            0.000            0.000
29843430  14:30:00             workers3                0.048            0.016            0.000            0.001
29843430  14:30:00             workers4                0.059            0.015            0.000            0.001
29843430  14:30:00             workers5                0.053            0.018            0.000            0.000
29843430  14:30:00             workers6                0.050            0.009            0.000            0.000
29843431  14:31:00             master                  0.041            0.011            0.000            0.001
29843431  14:31:00             workers0                0.092            0.019            0.000            0.000
29843431  14:31:00             workers1                0.834            0.647            0.000            0.000
29843431  14:31:00             workers2                0.041            0.010            0.000            0.000
29843431  14:31:00             workers3                0.046            0.014            0.000            0.001
29843431  14:31:00             workers4                0.061            0.018            0.000            0.001
29843431  14:31:00             workers5                0.053            0.019            0.000            0.000
29843431  14:31:00             workers6                0.048            0.009            0.000            0.000
29843432  14:32:00             master                  0.041            0.011            0.000            0.002
29843432  14:32:00             workers0                0.103            0.024            0.000            0.001
29843432  14:32:00             workers1                0.838            0.663            0.000            0.000
29843432  14:32:00             workers2                0.041            0.011            0.000            0.000
29843432  14:32:00             workers3                0.047            0.014            0.000            0.000
29843432  14:32:00             workers4                0.063            0.019            0.000            0.001
29843432  14:32:00             workers5                0.043            0.015            0.000            0.000
29843432  14:32:00             workers6                0.044            0.008            0.000            0.000
29843433  14:33:00             master                  0.042            0.011            0.000            0.002
29843433  14:33:00             workers0                0.128            0.030            0.000            0.000
29843433  14:33:00             workers1                0.841            0.655            0.000            0.000
29843433  14:33:00             workers2                0.044            0.010            0.000            0.000
29843433  14:33:00             workers3                0.049            0.020            0.000            0.000
29843433  14:33:00             workers4                0.061            0.016            0.000            0.001
29843433  14:33:00             workers5                0.045            0.020            0.000            0.000
29843433  14:33:00             workers6                0.044            0.008            0.000            0.000
29843434  14:34:00             master                  0.048            0.013            0.000            0.001
29843434  14:34:00             workers0                0.150            0.044            0.000            0.000
29843434  14:34:00             workers1                0.674            0.531            0.000            0.000
29843434  14:34:00             workers2                0.044            0.010            0.000            0.000
29843434  14:34:00             workers3                0.048            0.016            0.000            0.000
29843434  14:34:00             workers4                0.064            0.020            0.000            0.002
29843434  14:34:00             workers5                0.046            0.017            0.000            0.000
29843434  14:34:00             workers6                0.045            0.008            0.000            0.000
29843435  14:35:00             master                  0.058            0.012            0.000            0.001
29843435  14:35:00             workers0                0.124            0.030            0.000            0.000
29843435  14:35:00             workers1                0.036            0.009            0.000            0.000
29843435  14:35:00             workers2                0.043            0.010            0.000            0.000
29843435  14:35:00             workers3                0.053            0.020            0.000            0.001
29843435  14:35:00             workers4                0.064            0.018            0.000            0.002
29843435  14:35:00             workers5                0.047            0.022            0.000            0.000
29843435  14:35:00             workers6                0.050            0.009            0.000            0.000
29843436  14:36:00             master                  0.039            0.010            0.000            0.001
29843436  14:36:00             workers0                0.102            0.020            0.000            0.000
29843436  14:36:00             workers1                0.042            0.014            0.000            0.000
29843436  14:36:00             workers2                0.044            0.010            0.000            0.000
29843436  14:36:00             workers3                0.048            0.015            0.000            0.001
29843436  14:36:00             workers4                0.060            0.017            0.000            0.002
29843436  14:36:00             workers5                0.042            0.017            0.000            0.000
29843436  14:36:00             workers6                0.047            0.008            0.000            0.000
29843437  14:37:00             master                  0.040            0.010            0.000            0.001
29843437  14:37:00             workers0                0.144            0.034            0.000            0.000
29843437  14:37:00             workers1                0.033            0.009            0.000            0.000
29843437  14:37:00             workers2                0.044            0.010            0.000            0.000
29843437  14:37:00             workers3                0.050            0.022            0.000            0.001
29843437  14:37:00             workers4                0.062            0.016            0.000            0.002
29843437  14:37:00             workers5                0.046            0.022            0.000            0.000
29843437  14:37:00             workers6                0.042            0.008            0.000            0.000
29843438  14:38:00             master                  0.042            0.011            0.000            0.001
29843438  14:38:00             workers0                0.139            0.041            0.000            0.000
29843438  14:38:00             workers1                0.034            0.010            0.000            0.000
29843438  14:38:00             workers2                0.043            0.010            0.000            0.000
29843438  14:38:00             workers3                0.048            0.015            0.000            0.000
29843438  14:38:00             workers4                0.060            0.017            0.000            0.002
29843438  14:38:00             workers5                0.043            0.016            0.000            0.000
29843438  14:38:00             workers6                0.045            0.008            0.000            0.000
29843439  14:39:00             master                  0.047            0.012            0.000            0.001
29843439  14:39:00             workers0                0.146            0.039            0.000            0.000
29843439  14:39:00             workers1                0.034            0.010            0.000            0.000
29843439  14:39:00             workers2                0.042            0.010            0.000            0.000
29843439  14:39:00             workers3                0.052            0.020            0.000            0.000
29843439  14:39:00             workers4                0.061            0.017            0.000            0.002
29843439  14:39:00             workers5                0.045            0.021            0.000            0.000
29843439  14:39:00             workers6                0.044            0.008            0.000            0.000
29843440  14:40:00             master                  0.038            0.010            0.000            0.001
29843440  14:40:00             workers0                0.160            0.042            0.000            0.000
29843440  14:40:00             workers1                0.036            0.009            0.000            0.000
29843440  14:40:00             workers2                0.043            0.010            0.000            0.000
29843440  14:40:00             workers3                0.047            0.016            0.000            0.001
29843440  14:40:00             workers4                0.063            0.016            0.000            0.002
29843440  14:40:00             workers5                0.043            0.016            0.000            0.000
29843440  14:40:00             workers6                0.047            0.009            0.000            0.001
29843441  14:41:00             master                  0.036            0.010            0.000            0.001
29843441  14:41:00             workers0                0.112            0.024            0.000            0.000
29843441  14:41:00             workers1                0.034            0.009            0.000            0.000
29843441  14:41:00             workers2                0.042            0.010            0.000            0.000
29843441  14:41:00             workers3                0.049            0.020            0.000            0.000
29843441  14:41:00             workers4                0.059            0.015            0.000            0.002
29843441  14:41:00             workers5                0.045            0.018            0.000            0.000
29843441  14:41:00             workers6                0.043            0.008            0.000            0.000
29843442  14:42:00             master                  0.036            0.010            0.000            0.001
29843442  14:42:00             workers0                0.156            0.041            0.000            0.000
29843442  14:42:00             workers1                0.035            0.010            0.000            0.000
29843442  14:42:00             workers2                0.043            0.010            0.000            0.000
29843442  14:42:00             workers3                0.048            0.015            0.000            0.000
29843442  14:42:00             workers4                0.063            0.015            0.000            0.002
29843442  14:42:00             workers5                0.043            0.015            0.000            0.000
29843442  14:42:00             workers6                0.047            0.008            0.000            0.000
29843443  14:43:00             master                  0.038            0.011            0.000            0.001
29843443  14:43:00             workers0                0.137            0.032            0.000            0.000
29843443  14:43:00             workers1                0.035            0.010            0.000            0.000
29843443  14:43:00             workers2                0.042            0.010            0.000            0.000
29843443  14:43:00             workers3                0.050            0.021            0.000            0.001
29843443  14:43:00             workers4                0.063            0.016            0.000            0.002
29843443  14:43:00             workers5                0.045            0.020            0.000            0.000
29843443  14:43:00             workers6                0.042            0.007            0.000            0.000
29843444  14:44:00             master                  0.036            0.010            0.000            0.001
29843444  14:44:00             workers0                0.157            0.047            0.000            0.000
29843444  14:44:00             workers1                0.033            0.010            0.000            0.000
29843444  14:44:00             workers2                0.042            0.010            0.000            0.000
29843444  14:44:00             workers3                0.047            0.016            0.000            0.001
29843444  14:44:00             workers4                0.061            0.017            0.000            0.002
29843444  14:44:00             workers5                0.042            0.015            0.000            0.000
29843444  14:44:00             workers6                0.044            0.008            0.000            0.000
29843445  14:45:00             master                  0.035            0.010            0.000            0.001
29843445  14:45:00             workers0                0.167            0.050            0.000            0.000
29843445  14:45:00             workers1                0.035            0.009            0.000            0.000
29843445  14:45:00             workers2                0.042            0.010            0.000            0.000
29843445  14:45:00             workers3                0.049            0.022            0.000            0.000
29843445  14:45:00             workers4                0.065            0.017            0.000            0.002
29843445  14:45:00             workers5                0.046            0.019            0.000            0.000
29843445  14:45:00             workers6                0.048            0.009            0.000            0.000
29843446  14:46:00             master                  0.036            0.010            0.000            0.001
29843446  14:46:00             workers0                0.134            0.037            0.000            0.000
29843446  14:46:00             workers1                0.035            0.010            0.000            0.000
29843446  14:46:00             workers2                0.042            0.010            0.000            0.000
29843446  14:46:00             workers3                0.045            0.016            0.000            0.001
29843446  14:46:00             workers4                0.062            0.017            0.000            0.002
29843446  14:46:00             workers5                0.042            0.015            0.000            0.000
29843446  14:46:00             workers6                0.051            0.009            0.000            0.000
29843447  14:47:00             master                  0.039            0.010            0.000            0.001
29843447  14:47:00             workers0                0.114            0.024            0.000            0.000
29843447  14:47:00             workers1                0.034            0.009            0.000            0.000
29843447  14:47:00             workers2                0.043            0.010            0.000            0.000
29843447  14:47:00             workers3                0.047            0.020            0.000            0.000
29843447  14:47:00             workers4                0.061            0.016            0.000            0.003
29843447  14:47:00             workers5                0.043            0.019            0.000            0.000
29843447  14:47:00             workers6                0.045            0.008            0.000            0.000
29843448  14:48:00             master                  0.038            0.010            0.000            0.001
29843448  14:48:00             workers0                0.139            0.033            0.000            0.000
29843448  14:48:00             workers1                0.036            0.010            0.000            0.000
29843448  14:48:00             workers2                0.041            0.010            0.000            0.000
29843448  14:48:00             workers3                0.047            0.021            0.000            0.000
29843448  14:48:00             workers4                0.066            0.018            0.000            0.002
29843448  14:48:00             workers5                0.045            0.019            0.000            0.000
29843448  14:48:00             workers6                0.049            0.008            0.000            0.000
29843449  14:49:00             master                  0.045            0.011            0.000            0.001
29843449  14:49:00             workers0                0.184            0.051            0.000            0.000
29843449  14:49:00             workers1                0.037            0.009            0.000            0.000
29843449  14:49:00             workers2                0.043            0.010            0.000            0.000
29843449  14:49:00             workers3                0.049            0.021            0.000            0.000
29843449  14:49:00             workers4                0.069            0.016            0.000            0.002
29843449  14:49:00             workers5                0.045            0.019            0.000            0.000
29843449  14:49:00             workers6                0.049            0.009            0.000            0.000
29843450  14:50:00             master                  0.037            0.010            0.000            0.001
29843450  14:50:00             workers0                0.135            0.035            0.000            0.000
29843450  14:50:00             workers1                0.036            0.009            0.000            0.000
29843450  14:50:00             workers2                0.041            0.010            0.000            0.000
29843450  14:50:00             workers3                0.045            0.020            0.000            0.000
29843450  14:50:00             workers4                0.061            0.019            0.000            0.002
29843450  14:50:00             workers5                0.043            0.019            0.000            0.000
29843450  14:50:00             workers6                0.048            0.009            0.000            0.000
29843451  14:51:00             master                  0.038            0.010            0.000            0.001
29843451  14:51:00             workers0                0.128            0.028            0.000            0.000
29843451  14:51:00             workers1                0.034            0.009            0.000            0.000
29843451  14:51:00             workers2                0.041            0.010            0.000            0.000
29843451  14:51:00             workers3                0.043            0.014            0.000            0.000
29843451  14:51:00             workers4                0.061            0.017            0.000            0.002
29843451  14:51:00             workers5                0.040            0.014            0.000            0.000
29843451  14:51:00             workers6                0.048            0.008            0.000            0.000
29843452  14:52:00             master                  0.040            0.010            0.000            0.001
29843452  14:52:00             workers0                0.145            0.032            0.000            0.000
29843452  14:52:00             workers1                0.035            0.009            0.000            0.000
29843452  14:52:00             workers2                0.041            0.010            0.000            0.000
29843452  14:52:00             workers3                0.045            0.015            0.000            0.000
29843452  14:52:00             workers4                0.061            0.016            0.000            0.002
29843452  14:52:00             workers5                0.041            0.014            0.000            0.000
29843452  14:52:00             workers6                0.050            0.009            0.000            0.000
29843453  14:53:00             master                  0.041            0.011            0.000            0.001
29843453  14:53:00             workers0                0.149            0.039            0.000            0.000
29843453  14:53:00             workers1                0.037            0.009            0.000            0.000
29843453  14:53:00             workers2                0.041            0.010            0.000            0.000
29843453  14:53:00             workers3                0.044            0.016            0.000            0.001
29843453  14:53:00             workers4                0.059            0.017            0.000            0.001
29843453  14:53:00             workers5                0.042            0.014            0.000            0.000
29843453  14:53:00             workers6                0.046            0.008            0.000            0.000
29843454  14:54:00             master                  0.041            0.011            0.000            0.001
29843454  14:54:00             workers0                0.179            0.056            0.000            0.000
29843454  14:54:00             workers1                0.037            0.010            0.000            0.000
29843454  14:54:00             workers2                0.042            0.010            0.000            0.000
29843454  14:54:00             workers3                0.045            0.015            0.000            0.000
29843454  14:54:00             workers4                0.065            0.017            0.000            0.002
29843454  14:54:00             workers5                0.043            0.015            0.000            0.000
29843454  14:54:00             workers6                0.048            0.008            0.000            0.000
29843455  14:55:00             master                  0.041            0.011            0.000            0.001
29843455  14:55:00             workers0                0.164            0.051            0.000            0.000
29843455  14:55:00             workers1                0.038            0.010            0.000            0.000
29843455  14:55:00             workers2                0.041            0.010            0.000            0.000
29843455  14:55:00             workers3                0.050            0.017            0.000            0.000
29843455  14:55:00             workers4                0.063            0.017            0.000            0.002
29843455  14:55:00             workers5                0.044            0.015            0.000            0.001
29843455  14:55:00             workers6                0.046            0.008            0.000            0.000
29843456  14:56:00             master                  0.039            0.010            0.000            0.001
29843456  14:56:00             workers0                0.200            0.072            0.000            0.000
29843456  14:56:00             workers1                0.046            0.015            0.000            0.000
29843456  14:56:00             workers2                0.042            0.010            0.000            0.000
29843456  14:56:00             workers3                0.048            0.017            0.000            0.000
29843456  14:56:00             workers4                0.062            0.016            0.000            0.002
29843456  14:56:00             workers5                0.044            0.022            0.000            0.000
29843456  14:56:00             workers6                0.048            0.009            0.000            0.000
29843457  14:57:00             master                  0.042            0.010            0.000            0.001
29843457  14:57:00             workers0                0.149            0.032            0.000            0.000
29843457  14:57:00             workers1                0.037            0.010            0.000            0.000
29843457  14:57:00             workers2                0.041            0.010            0.000            0.000
29843457  14:57:00             workers3                0.048            0.016            0.000            0.000
29843457  14:57:00             workers4                0.060            0.016            0.000            0.002
29843457  14:57:00             workers5                0.042            0.014            0.000            0.000
29843457  14:57:00             workers6                0.047            0.009            0.000            0.000
29843458  14:58:00             master                  0.040            0.010            0.000            0.001
29843458  14:58:00             workers0                0.151            0.038            0.000            0.000
29843458  14:58:00             workers1                0.039            0.010            0.000            0.000
29843458  14:58:00             workers2                0.041            0.010            0.000            0.000
29843458  14:58:00             workers3                0.050            0.020            0.000            0.000
29843458  14:58:00             workers4                0.062            0.019            0.000            0.002
29843458  14:58:00             workers5                0.046            0.020            0.000            0.000
29843458  14:58:00             workers6                0.046            0.008            0.000            0.000
29843459  14:59:00             master                  0.071            0.015            0.000            0.001
29843459  14:59:00             workers0                0.152            0.037            0.000            0.000
29843459  14:59:00             workers1                0.120            0.038            0.000            0.000
29843459  14:59:00             workers2                0.042            0.010            0.000            0.000
29843459  14:59:00             workers3                0.053            0.016            0.000            0.000
29843459  14:59:00             workers4                0.060            0.015            0.000            0.002
29843459  14:59:00             workers5                0.047            0.015            0.000            0.000
29843459  14:59:00             workers6                0.183            0.030            0.006            0.016
29843460  15:00:00             master                  0.038            0.010            0.000            0.001
29843460  15:00:00             workers0                0.185            0.060            0.000            0.000
29843460  15:00:00             workers1                0.833            0.605            0.000            0.000
29843460  15:00:00             workers2                0.043            0.010            0.000            0.000
29843460  15:00:00             workers3                0.049            0.020            0.000            0.001
29843460  15:00:00             workers4                0.064            0.016            0.000            0.001
29843460  15:00:00             workers5                0.043            0.022            0.000            0.000
29843460  15:00:00             workers6                0.109            0.013            0.003            0.011
29843461  15:01:00             master                  0.038            0.010            0.000            0.001
29843461  15:01:00             workers0                0.136            0.028            0.000            0.000
29843461  15:01:00             workers1                0.838            0.632            0.000            0.000
29843461  15:01:00             workers2                0.042            0.010            0.000            0.000
29843461  15:01:00             workers3                0.047            0.016            0.000            0.000
29843461  15:01:00             workers4                0.059            0.015            0.000            0.002
29843461  15:01:00             workers5                0.042            0.016            0.000            0.000
29843461  15:01:00             workers6                0.048            0.009            0.000            0.000
29843462  15:02:00             master                  0.040            0.011            0.000            0.001
29843462  15:02:00             workers0                0.131            0.033            0.000            0.000
29843462  15:02:00             workers1                0.833            0.637            0.000            0.000
29843462  15:02:00             workers2                0.040            0.010            0.000            0.000
29843462  15:02:00             workers3                0.049            0.020            0.000            0.001
29843462  15:02:00             workers4                0.064            0.018            0.000            0.002
29843462  15:02:00             workers5                0.043            0.020            0.000            0.000
29843462  15:02:00             workers6                0.049            0.008            0.000            0.000
29843463  15:03:00             master                  0.040            0.010            0.000            0.001
29843463  15:03:00             workers0                0.144            0.045            0.000            0.000
29843463  15:03:00             workers1                0.836            0.662            0.000            0.000
29843463  15:03:00             workers2                0.043            0.010            0.000            0.000
29843463  15:03:00             workers3                0.048            0.016            0.000            0.001
29843463  15:03:00             workers4                0.061            0.015            0.000            0.002
29843463  15:03:00             workers5                0.042            0.015            0.000            0.000
29843463  15:03:00             workers6                0.051            0.009            0.000            0.001
29843464  15:04:00             master                  0.049            0.012            0.000            0.001
29843464  15:04:00             workers0                0.121            0.025            0.000            0.000
29843464  15:04:00             workers1                0.848            0.662            0.000            0.000
29843464  15:04:00             workers2                0.041            0.010            0.000            0.000
29843464  15:04:00             workers3                0.053            0.019            0.000            0.001
29843464  15:04:00             workers4                0.061            0.017            0.000            0.001
29843464  15:04:00             workers5                0.045            0.021            0.000            0.000
29843464  15:04:00             workers6                0.052            0.008            0.000            0.000
29843465  15:05:00             master                  0.041            0.011            0.000            0.001
29843465  15:05:00             workers0                0.119            0.027            0.000            0.000
29843465  15:05:00             workers1                0.837            0.655            0.000            0.000
29843465  15:05:00             workers2                0.040            0.009            0.000            0.000
29843465  15:05:00             workers3                0.046            0.015            0.000            0.001
29843465  15:05:00             workers4                0.059            0.017            0.000            0.001
29843465  15:05:00             workers5                0.041            0.014            0.000            0.000
29843465  15:05:00             workers6                0.052            0.009            0.000            0.000
29843466  15:06:00             master                  0.044            0.011            0.000            0.001
29843466  15:06:00             workers0                0.132            0.031            0.000            0.000
29843466  15:06:00             workers1                0.838            0.649            0.000            0.000
29843466  15:06:00             workers2                0.040            0.009            0.000            0.000
29843466  15:06:00             workers3                0.046            0.015            0.000            0.000
29843466  15:06:00             workers4                0.062            0.016            0.000            0.002
29843466  15:06:00             workers5                0.042            0.015            0.000            0.000
29843466  15:06:00             workers6                0.050            0.009            0.000            0.000
29843467  15:07:00             master                  0.038            0.010            0.000            0.001
29843467  15:07:00             workers0                0.134            0.030            0.000            0.000
29843467  15:07:00             workers1                0.834            0.653            0.000            0.000
29843467  15:07:00             workers2                0.041            0.009            0.000            0.000
29843467  15:07:00             workers3                0.050            0.020            0.000            0.000
29843467  15:07:00             workers4                0.059            0.016            0.000            0.002
29843467  15:07:00             workers5                0.043            0.021            0.000            0.000
29843467  15:07:00             workers6                0.048            0.009            0.000            0.000
29843468  15:08:00             master                  0.038            0.010            0.000            0.001
29843468  15:08:00             workers0                0.156            0.038            0.000            0.000
29843468  15:08:00             workers1                0.831            0.651            0.000            0.000
29843468  15:08:00             workers2                0.043            0.010            0.000            0.000
29843468  15:08:00             workers3                0.046            0.015            0.000            0.000
29843468  15:08:00             workers4                0.063            0.017            0.000            0.002
29843468  15:08:00             workers5                0.042            0.015            0.000            0.000
29843468  15:08:00             workers6                0.051            0.009            0.000            0.000
29843469  15:09:00             master                  0.050            0.012            0.000            0.001
29843469  15:09:00             workers0                0.154            0.040            0.000            0.000
29843469  15:09:00             workers1                0.832            0.642            0.000            0.000
29843469  15:09:00             workers2                0.042            0.010            0.000            0.000
29843469  15:09:00             workers3                0.051            0.019            0.000            0.001
29843469  15:09:00             workers4                0.063            0.016            0.000            0.002
29843469  15:09:00             workers5                0.043            0.020            0.000            0.000
29843469  15:09:00             workers6                0.050            0.009            0.000            0.000
29843470  15:10:00             master                  0.051            0.012            0.000            0.001
29843470  15:10:00             workers0                0.159            0.041            0.000            0.000
29843470  15:10:00             workers1                0.832            0.650            0.000            0.000
29843470  15:10:00             workers2                0.042            0.010            0.000            0.000
29843470  15:10:00             workers3                0.052            0.020            0.000            0.000
29843470  15:10:00             workers4                0.065            0.017            0.000            0.002
29843470  15:10:00             workers5                0.044            0.020            0.000            0.000
29843470  15:10:00             workers6                0.052            0.009            0.000            0.000
29843471  15:11:00             master                  0.037            0.010            0.000            0.001
29843471  15:11:00             workers0                0.141            0.031            0.000            0.000
29843471  15:11:00             workers1                0.829            0.643            0.000            0.000
29843471  15:11:00             workers2                0.042            0.010            0.000            0.000
29843471  15:11:00             workers3                0.048            0.018            0.000            0.000
29843471  15:11:00             workers4                0.062            0.018            0.000            0.001
29843471  15:11:00             workers5                0.044            0.019            0.000            0.000
29843471  15:11:00             workers6                0.049            0.009            0.000            0.000
29843472  15:12:00             master                  0.038            0.010            0.000            0.001
29843472  15:12:00             workers0                0.126            0.024            0.000            0.000
29843472  15:12:00             workers1                0.838            0.623            0.000            0.000
29843472  15:12:00             workers2                0.043            0.010            0.000            0.000
29843472  15:12:00             workers3                0.049            0.021            0.000            0.001
29843472  15:12:00             workers4                0.064            0.017            0.000            0.001
29843472  15:12:00             workers5                0.045            0.021            0.000            0.000
29843472  15:12:00             workers6                0.119            0.027            0.002            0.007
29843473  15:13:00             master                  0.039            0.010            0.000            0.001
29843473  15:13:00             workers0                0.142            0.031            0.000            0.000
29843473  15:13:00             workers1                0.830            0.668            0.000            0.000
29843473  15:13:00             workers2                0.043            0.010            0.000            0.000
29843473  15:13:00             workers3                0.047            0.014            0.000            0.001
29843473  15:13:00             workers4                0.064            0.018            0.000            0.001
29843473  15:13:00             workers5                0.042            0.016            0.000            0.000
29843473  15:13:00             workers6                0.046            0.009            0.000            0.000
29843474  15:14:00             master                  0.046            0.011            0.000            0.001
29843474  15:14:00             workers0                0.170            0.044            0.000            0.000
29843474  15:14:00             workers1                0.846            0.664            0.000            0.000
29843474  15:14:00             workers2                0.042            0.010            0.000            0.000
29843474  15:14:00             workers3                0.051            0.015            0.000            0.001
29843474  15:14:00             workers4                0.066            0.017            0.000            0.001
29843474  15:14:00             workers5                0.042            0.015            0.000            0.000
29843474  15:14:00             workers6                0.049            0.009            0.000            0.000
29843475  15:15:00             master                  0.037            0.010            0.000            0.001
29843475  15:15:00             workers0                0.127            0.026            0.000            0.000
29843475  15:15:00             workers1                0.842            0.665            0.000            0.000
29843475  15:15:00             workers2                0.040            0.010            0.000            0.000
29843475  15:15:00             workers3                0.046            0.015            0.000            0.001
29843475  15:15:00             workers4                0.061            0.017            0.000            0.001
29843475  15:15:00             workers5                0.041            0.016            0.000            0.000
29843475  15:15:00             workers6                0.050            0.009            0.000            0.000
29843476  15:16:00             master                  0.038            0.010            0.000            0.002
29843476  15:16:00             workers0                0.140            0.036            0.000            0.000
29843476  15:16:00             workers1                0.824            0.657            0.000            0.000
29843476  15:16:00             workers2                0.045            0.011            0.000            0.000
29843476  15:16:00             workers3                0.050            0.019            0.000            0.001
29843476  15:16:00             workers4                0.064            0.018            0.000            0.002
29843476  15:16:00             workers5                0.045            0.023            0.000            0.000
29843476  15:16:00             workers6                0.049            0.008            0.000            0.000
29843477  15:17:00             master                  0.038            0.010            0.000            0.001
29843477  15:17:00             workers0                0.131            0.027            0.000            0.000
29843477  15:17:00             workers1                0.836            0.616            0.000            0.000
29843477  15:17:00             workers2                0.044            0.010            0.000            0.000
29843477  15:17:00             workers3                0.047            0.015            0.000            0.001
29843477  15:17:00             workers4                0.060            0.018            0.000            0.002
29843477  15:17:00             workers5                0.042            0.016            0.000            0.000
29843477  15:17:00             workers6                0.047            0.008            0.000            0.000
29843478  15:18:00             master                  0.039            0.010            0.000            0.001
29843478  15:18:00             workers0                0.132            0.035            0.000            0.000
29843478  15:18:00             workers1                0.830            0.635            0.000            0.000
29843478  15:18:00             workers2                0.043            0.010            0.000            0.000
29843478  15:18:00             workers3                0.050            0.021            0.000            0.001
29843478  15:18:00             workers4                0.059            0.017            0.000            0.001
29843478  15:18:00             workers5                0.045            0.018            0.000            0.000
29843478  15:18:00             workers6                0.048            0.008            0.000            0.000
29843479  15:19:00             master                  0.047            0.012            0.000            0.001
29843479  15:19:00             workers0                0.236            0.119            0.000            0.000
29843479  15:19:00             workers1                0.700            0.546            0.000            0.000
29843479  15:19:00             workers2                0.041            0.010            0.000            0.000
29843479  15:19:00             workers3                0.047            0.016            0.000            0.001
29843479  15:19:00             workers4                0.060            0.016            0.000            0.002
29843479  15:19:00             workers5                0.045            0.015            0.000            0.000
29843479  15:19:00             workers6                0.043            0.008            0.000            0.000
